text,tweet_id,name,retweet_count,tweet_location,tweet_created,user_timezone,tweet_coord
"Never use a paper business card AGAIN!!
SCALES TO ANY SIZE DEVICE!!

INTERACTIVE BUSINESS
CARD TECHNOLOGY...

*... http://t.co/RP2dj0CGJi",619285677826572288,LivinATXStyle,0,"Austin, TX",2015-07-09 16:23:06 -0700,Central Time (US & Canada),
How virtual reality porn could bring about world peace http://t.co/VsILYgcohe,619285676446478336,MSOwolf,0,New Humpshire USA,2015-07-09 16:23:05 -0700,Eastern Time (US & Canada),
How to download the OS X El Capitan public beta http://t.co/Iih9DKHiW1 http://t.co/Vat4XiDP0A,619285673351122944,TelegraphTech,1,London,2015-07-09 16:23:04 -0700,London,
‚òÜ‚òÖ‚òÜ JOB ALERT ‚òÜ‚òÖ‚òÜ #ITJob #Job #Houston - 25B Information Technology Specialist http://t.co/MWo8RassJ0 ‚òú view full details,619285672365441024,Hiring_Houston,0,"Houston, Texas",2015-07-09 16:23:04 -0700,,
@AJEnglish they use technology?,619285670117310464,Todd_Shah,0,put on pants?,2015-07-09 16:23:04 -0700,,
"RT @CNNMoney: If you downloaded these #Android games, change their Facebook password now: http://t.co/rV0Q621iDh @Jose_Pagliery http://t.co‚Ä¶",619285667579727872,CindyLauEvans,9,South Florida,2015-07-09 16:23:03 -0700,Eastern Time (US & Canada),
Technology is so weird and crazy like in life of pi that tiger was really a bag of sand WHAT,619285650584543232,RainDoge,0,"Glasgow, probably. ",2015-07-09 16:22:59 -0700,Amsterdam,
"Now ask yourself could you live like others? No technology, clean water, food? Exactly",619285643940618240,awkwardkay_,0,"",2015-07-09 16:22:57 -0700,,
RT @LACMA: This installation features documentation on our original Art &amp; Technology Program http://t.co/HM1lhHPgYO #ArtPlusTech http://t.c‚Ä¶,619285642997071872,daydreamsocial,3,"Los Angeles, CA",2015-07-09 16:22:57 -0700,Pacific Time (US & Canada),
New 'Sherlock' footage will blow your mind palace http://t.co/pV8BbVkRs6 #SMM #technology,619285635770126336,bloggerumer,0,Karachi,2015-07-09 16:22:55 -0700,Karachi,
RT @HayesGrier: I have technology again. Wow. Yay,619285635518435328,caroline_o_p,5377,"",2015-07-09 16:22:55 -0700,Eastern Time (US & Canada),
"@TMUS T-Mobile extends coverage to Mexico, Canada at no extra cost http://t.co/i5LYuLxbLI #Roaming",619285635241619458,84Suburban,0,Kansas City,2015-07-09 16:22:55 -0700,Pacific Time (US & Canada),
The one and only list I'll ever be with Jessica Alba. ;) http://t.co/6qPX9AVUZn,619285626425249792,laura,0,San Francisco Bay,2015-07-09 16:22:53 -0700,Pacific Time (US & Canada),
Amazing technology from @Audi https://t.co/zKZR5tiSt7 @AudiCentreBrisb,619285619068395520,BenJohnston_,0,Brisbane Australia,2015-07-09 16:22:52 -0700,Brisbane,
@enquos I'm excited to learn more about how your technology can help my clients reach their goals more efficiently next week at #IDEAworld!,619285619034861568,ariiana_f,0,"Vancouver, BC",2015-07-09 16:22:52 -0700,,
"RT @katjaherbers: ""I fear the day that technology will surpass our human interaction. The world will have a generation of idiots"" ::: http:‚Ä¶",619285611522969600,RonaldvdenHurk,4,"Den Haag, The Netherlands",2015-07-09 16:22:50 -0700,Amsterdam,
Read Latest Trends in Science Education http://t.co/ZQWAIacYz7,619285608339365888,UhtredtheViking,0,"Alberta, Canada",2015-07-09 16:22:49 -0700,Mountain Time (US & Canada),
"RT @AAPBelgaum: $100 Trillion Market is ready for entrepreneurs. Biggest market. Are you ready ?
http://t.co/l91DsGmH5l
@TechCrunch #tech #‚Ä¶",619285601083232256,Virdisharma,1,Raipur (cg),2015-07-09 16:22:47 -0700,,
The Secret Startup That Saved the Worst Website in America http://t.co/50cThYS44Q,619285596326891520,adamnajberg,0,new york,2015-07-09 16:22:46 -0700,Alaska,
"#officialtrento Phone Drive by Eightythree Technology dropped in price from 1,99 ‚Ç¨ to 0,99 ‚Ç¨. Download via AppZapp http://t.co/PGQzagQQeR",619285595546906624,OfficialTrento,0,Italia,2015-07-09 16:22:46 -0700,Rome,
Innovative IBM - Disclosure of Working Version of a Much Higher-Capacity Chip    http://t.co/zmBdhftmFZ,619285593823014914,KATRAVI,0,Brussels,2015-07-09 16:22:45 -0700,Brussels,
Fires may burn until first snowfall http://t.co/Gt8PAWELPq,619285583769288704,604TJONES,0,"Vancouver, BC",2015-07-09 16:22:43 -0700,Central Time (US & Canada),
"Or if we had a Science Advisor, or had a Minister of Science and Technology who had a science degree and background. https://t.co/3NGmzBQXsE",619285575154188288,WorkentinChem,0,You are entitled to my opinion,2015-07-09 16:22:41 -0700,Eastern Time (US & Canada),
RT @HayesGrier: I have technology again. Wow. Yay,619285572570480640,Koolxaidee,5377,"",2015-07-09 16:22:40 -0700,,
Mirador Financial is hitting up banks with technology that streamlines the loan screening process http://t.co/eD59R6Rvc0 via @PDXBizJournal,619285568468299776,almajessica1,0,Somewhere in Suburbia ,2015-07-09 16:22:39 -0700,Pacific Time (US & Canada),
"RT @LBKCooperTennis: As some of you may have heard, I announced I am passing the torch. My new technology coordinator job has taken on... h‚Ä¶",619285556510355456,johnwindham84,2,"",2015-07-09 16:22:37 -0700,,
"RT @matalaz: ""Imagine this: a leak on WikiLeaks showing YOU explaining the evilest technology on earth"" https://t.co/gxt8DLggZv LOL!",619285548700708865,alvaro_fe,1,Alcal√° de Henares,2015-07-09 16:22:35 -0700,,
Viral videos: Technology encourages abuse victims to come forward: An Irish woman is getting worldwide attention‚Ä¶ http://t.co/u65X1Jd9rr,619285546909601792,SanAntonioCP,0,"San Antonio, TX",2015-07-09 16:22:34 -0700,Central Time (US & Canada),"[29.42989111, -98.48699646]"
VIDEO: Nasa shows off Mars rover marathon http://t.co/H1lkpw4WV0,619285542060961792,Tech_BWR,0,"",2015-07-09 16:22:33 -0700,,
"RT @nzgda: Morepork Games' Swing Racer has been featured in the Apple AppStore - including in the ""Best New Game"" category... http://t.co/B‚Ä¶",619285541658361856,TheRealSpoonDog,4,South Wairarapa District,2015-07-09 16:22:33 -0700,Canberra,
musicVault: #technology VIDEO: Nasa shows off Mars rover marathon http://t.co/ktFpxKeBH5,619285540295151616,som50579,0,Mumbai,2015-07-09 16:22:33 -0700,,
Website turns free time into money http://t.co/aX6y61Fjqu,619285540093886464,Tech_BWR,0,"",2015-07-09 16:22:33 -0700,,
Atmosphere of Venus studied through rare transit images http://t.co/ZFX43EUukx #Technology #IT #Computer_Science http://t.co/zJjLS12m5n,619285536092635136,TechAdib,0,"",2015-07-09 16:22:32 -0700,,
Literally visiting fashion institute of technology during mens New York Fashion week..... I'm finna get a job,619285512495472640,logan_wing,0,"Erie, PA",2015-07-09 16:22:26 -0700,Eastern Time (US & Canada),
RT @MSFTctzAPAC: Learn about #Microsoft's efforts in combating #humantrafficking w/ #tech http://t.co/N9WioGfqrc || #TechvsTrafficking http‚Ä¶,619285510217830401,gihangamos,1,Sri Lanka,2015-07-09 16:22:26 -0700,Sri Jayawardenepura,
"RT @HeatherFaison: ""Technology is here to stay. It's our job to use it and tell stories that matter"" @webjournalist w/@globalgirlmedia. htt‚Ä¶",619285502894563328,jmlevine28,2,"Milwaukee, WI",2015-07-09 16:22:24 -0700,Pacific Time (US & Canada),
RT @eveehunt: The Singularity Is Near: When Humans Transcend Biology (Unabridged) - Ray K | http://t.co/3AkNnTkDe7 | Technology #a‚Ä¶ http://‚Ä¶,619285497198702592,ginlimt,5,Kentucky,2015-07-09 16:22:22 -0700,Pacific Time (US & Canada),
"[r-Technology] MPAA Wants to Kill Domain Name Privacy, For Some: http://t.co/MKCa3SpKqt",619285493625278464,betachatnews,0,irc.betachat.net,2015-07-09 16:22:22 -0700,Eastern Time (US & Canada),
BBCTechUK: Website turns free time into money http://t.co/nlwOLNM13U #technews #bbc,619285491100168192,NewsMayotte,0,"",2015-07-09 16:22:21 -0700,,
Website turns free time into money http://t.co/7DtCTwcJM6 #tech #in,619285489724588032,dharmeshsb,0,London,2015-07-09 16:22:21 -0700,London,
Volvo Introduces Controversial New Child Car Seat Concept http://t.co/GULdolas0K @owensashley2,619285487874781184,owensashley2,0,"",2015-07-09 16:22:20 -0700,,
"RT @IndigoRave: Seabird population down 70 per cent around the world, say UBC researchers http://t.co/DfhN7zRQzx sea #birds threatened - so‚Ä¶",619285476772552704,PeterHfx,2,"",2015-07-09 16:22:18 -0700,Eastern Time (US & Canada),
RT @Meds4all: Can Gadgets Make You Fit? http://t.co/4FKNKpZwWo #healthtech #ehealth http://t.co/HZrVfYjQEe,619285476558680064,AieSalud,1,Espa√±a,2015-07-09 16:22:18 -0700,Madrid,
Estimate of Americans hit by government personnel data hack skyrockets http://t.co/2HCnVDDXgc,619285471944962048,N_H_Asia,0,"",2015-07-09 16:22:16 -0700,Athens,
Lockheed says trying to assess impact of US hack on its workers  http://t.co/h7z02YMXc6,619285470619566081,N_H_Asia,0,"",2015-07-09 16:22:16 -0700,Athens,
VIDEO: Nasa shows off Mars rover marathon http://t.co/zVjWTI9Ici,619285461559721984,jamesgreid,0,Canada,2015-07-09 16:22:14 -0700,Beijing,
Website turns free time into money http://t.co/rET4HSNa4P,619285460158779392,jamesgreid,0,Canada,2015-07-09 16:22:14 -0700,Beijing,
Everyone on break rn is on their phones... No one is talking:/ wish life wasn't all about technology.,619285459747885056,Amandasmithxxo,0,messages r open,2015-07-09 16:22:14 -0700,,
Volvo Introduces Controversial New Child Car Seat Concept http://t.co/HmLywEB32b,619285448456704000,trackdev_co_uk,0,"",2015-07-09 16:22:11 -0700,,
Volvo Introduces Controversial New Child Car Seat Concept http://t.co/cjdKiV5ylR @OwenJackson08,619285448083402752,OwenJackson08,0,"",2015-07-09 16:22:11 -0700,,
#GRADUATEVACANCY: Graduate Business Technology Consultant http://t.co/xjie39wWoJ #SunderlandFutures,619285445269000192,UoSFutures,0,"Sunderland, UK",2015-07-09 16:22:10 -0700,London,"[54.90423081, -1.39084767]"
Volvo Introduces Controversial New Child Car Seat Concept http://t.co/pVkjMqmfev @BryanKelly02,619285444384063488,BryanKelly02,0,"",2015-07-09 16:22:10 -0700,,
Enter to #win this #giveaway for a NextBook Flexx11 from @darcibean ends 7/22 #tech #technology #tablet http://t.co/g2G6KcUc0y,619285443008438272,mommysweetiepie,0,"California, USA",2015-07-09 16:22:10 -0700,Pacific Time (US & Canada),
Volvo Introduces Controversial New Child Car Seat Concept http://t.co/1B1jEFPLNt http://t.co/CGHkRBeWdu,619285439074074625,HorMarian,0,"",2015-07-09 16:22:09 -0700,,
"Facebook 'likes' clean power, new Texas data center to be powered by 100% wind energy http://t.co/Q7yp0HnVUh",619285436490366976,LennonReturns,0,"",2015-07-09 16:22:08 -0700,Central Time (US & Canada),
"RT @nwarikoo: Romney on China: ""They‚Äôre stealing our intellectual property, our patents, our designs, our technology, hacking...counterfeit‚Ä¶",619285432686149632,consmover,5,"Nashville , TN",2015-07-09 16:22:07 -0700,,
RT @eveehunt: The Singularity Is Near: When Humans Transcend Biology (Unabridged) - Ray K | http://t.co/3AkNnTkDe7 | Technology #a‚Ä¶ http://‚Ä¶,619285432564477952,anntzt,5,Alabama,2015-07-09 16:22:07 -0700,Pacific Time (US & Canada),
Volvo Introduces Controversial New Child Car Seat Concept http://t.co/g1lypSM2zW @IanReagan23,619285431364923392,IanReagan23,0,"",2015-07-09 16:22:07 -0700,,
KFC just mashed up fried chicken and pizza to create the 'Chizza' http://t.co/7iT5FRzQHU #themesh #technology,619285430756716544,NewStuffonMESH,0,"",2015-07-09 16:22:07 -0700,,
"L L L #Bargain #Deal Sunbeam 000731-500-000 Heating Pad w/UltraHeat Technology, 12"" x 15"" - Blue #eBay #Auction http://t.co/KUUNvPnm7A",619285427715862528,DailyDealGalaxy,0,"",2015-07-09 16:22:06 -0700,Pacific Time (US & Canada),
Volvo Introduces Controversial New Child Car Seat Concept http://t.co/h0G1iAdrcL @JamesCl78,619285425736167424,JamesCl78,0,"",2015-07-09 16:22:05 -0700,Eastern Time (US & Canada),
VIDEO: Nasa shows off Mars rover marathon http://t.co/VKF6sEzrms,619285425388007424,BerkleyBearNews,0,Doghouse,2015-07-09 16:22:05 -0700,Eastern Time (US & Canada),
BBC News: Web giants fined for 'morbid' photos http://t.co/MvW6bQlUwI,619285424859557888,ukworldnews,0,United Kingdom,2015-07-09 16:22:05 -0700,London,
"RT @justintarte: Dear Ed Leaders, don‚Äôt have a conversation about technology until you‚Äôve had a conversation about learning. via @willrich4‚Ä¶",619285423827886080,mkiosdeveloper,17,"New York, NY",2015-07-09 16:22:05 -0700,Alaska,
Website turns free time into money http://t.co/ByzyIJ0hjW,619285423475417088,BerkleyBearNews,0,Doghouse,2015-07-09 16:22:05 -0700,Eastern Time (US & Canada),
BBC News: IBM chips 'contain smallest parts' http://t.co/d4ZojlP6ki,619285417435664386,ukworldnews,0,United Kingdom,2015-07-09 16:22:03 -0700,London,
IBM Discloses Working Version of a Much Higher-Capacity Chip    http://t.co/pwmp6OUaKJ,619285412788310016,sudhirism,0,94539,2015-07-09 16:22:02 -0700,Alaska,
"RT @ArtDesign_pro: Solera To Invest $5 Million To Build State-of-the-Art Technology, Training And ... - The Auto... http://t.co/G919B2FrSy ‚Ä¶",619285401975586816,USA_moms,5,United States,2015-07-09 16:22:00 -0700,Pacific Time (US & Canada),
VIDEO: Nasa shows off Mars rover marathon http://t.co/QjizDyauFW #technology #science #nature #video,619285401405116416,justseenthistec,0,"",2015-07-09 16:22:00 -0700,,
RT @QueenMsAnn: #PhotoGrid I'm grateful for technology.  You can view the live stream of the @heartdilla panel at the‚Ä¶ https://t.co/zix14qc‚Ä¶,619285399186350084,HeartDilla,1,"",2015-07-09 16:21:59 -0700,Mid-Atlantic,
"RT @lafgyu: When i watch 360v teaser i feel like ""omg its globalisation era"" ""wtf with technology""",619285398078918656,iffahaes,1,Heaven,2015-07-09 16:21:59 -0700,,
"#OklahomaCityJobs Food Service Worker: Metro Technology Centers - Oklahoma City, OK - Titl... http://t.co/39FG144qJk #OklahomaCity #Jobs",619285396707356673,OklahomaCity_WK,0,"Oklahoma City, USA",2015-07-09 16:21:58 -0700,Eastern Time (US & Canada),
RT @FinancialForce: See how @Avid increases profitability &amp; improves utilization with FinancialForce PSA: http://t.co/LpcUXpNklA http://t.c‚Ä¶,619285388968853504,praveenakhatri,1,Bay Area,2015-07-09 16:21:57 -0700,Pacific Time (US & Canada),
Even writing itself before it ends up in libraries is a communication medium the technology.,619285385911357441,FKittlerbot,0,"",2015-07-09 16:21:56 -0700,,
I suppose I should start using Twitter. Since I'm all connected and everything. #technology,619285385428926464,redshirttiddy,0,"Socorro, NM",2015-07-09 16:21:56 -0700,Mountain Time (US & Canada),
"With Mega-Donor‚Äôs Technology, Cruz Campaign Promises to Turn Out More GOP Voters than Ever Before http://t.co/4sN2J9yN98 via @NRO",619285385223340032,RobertZanetti1,0, Michigan,2015-07-09 16:21:56 -0700,Atlantic Time (Canada),
RT @aehpalmer: @kinnect2print of @3dsystemscorp : 'How do we humanize technology beyond fit and function? Reclaim authenticity of the user?‚Ä¶,619285381163298816,kinnect2print,1,Digital Craftsmanship,2015-07-09 16:21:55 -0700,,
RT @HayesGrier: I have technology again. Wow. Yay,619285380311879680,luvcarternhayes,5377,"",2015-07-09 16:21:55 -0700,,
jg2009: RT TechGrowthCap: Great meeting of minds!!! #growth #capital #venture #technology #privateequity #fun #Aus‚Ä¶ http://t.co/qFcEpuzbp9,619285379930324992,AustinpalStacy,0,"",2015-07-09 16:21:54 -0700,,
"No, Jimmy Kimmel doesn't have his own VC fund http://t.co/1OyTxlxDPf",619285369801064448,marketstocknews,0,"",2015-07-09 16:21:52 -0700,,
RT @aehpalmer: The true essence of democratizing access to a technology is carefully reducing the friction points [esp. inputs] - @kinnect2‚Ä¶,619285367212998657,kinnect2print,1,Digital Craftsmanship,2015-07-09 16:21:51 -0700,,
RT @bulletproofnet: Bulletproof expects to exceed $28m in revenue for FY15 after solid year @FinancialReview http://t.co/2GjRajZDKc,619285357759062016,backfire_88,4,Sydney,2015-07-09 16:21:49 -0700,,
They have analyzed my soul. What devilish technology is this? http://t.co/eH9ZqQ8lDL,619285357209759744,birthinreverse,0,"Toronto, Ontario",2015-07-09 16:21:49 -0700,Eastern Time (US & Canada),
Integrating #technology into #learning using #addie: https://t.co/KtapFcHSXu #libraries,619285355053715456,FionaJ_Lib,0,"Sydney, Australia",2015-07-09 16:21:49 -0700,Sydney,
#Citrix #System Engineer Needed!! needed in #Charlotte at Robert Half Technology. Apply now! #jobs http://t.co/F0DFMhhZXG,619285350180102144,NeuvooEngCha,0,"Charlotte, NC",2015-07-09 16:21:47 -0700,,
"RT @MisesBlog: Science, Technology, and Government http://t.co/wPoA1bhNNO",619285336074530816,EricDBarry,3,"Austin, TX",2015-07-09 16:21:44 -0700,Central Time (US & Canada),
Never Miss a Post Again: Facebook Rolls Out News Feed Controls http://t.co/Z1TVGlTIGH,619285331351744512,adamnajberg,0,new york,2015-07-09 16:21:43 -0700,Alaska,
Website turns free time into money http://t.co/y6njkAY5O7,619285327379857408,NoMoreExcuses_,0,ENGLAND,2015-07-09 16:21:42 -0700,London,
This New Technology Could Extend Nissan LEAF's Range to 338 Miles http://t.co/xT2Il7WLpA,619285322883575810,JeffJSchopp,0,"",2015-07-09 16:21:41 -0700,Central Time (US & Canada),
https://t.co/Oajkkhv19l Technology small parts!,619285320517951488,EcoSchaumburg,0,"",2015-07-09 16:21:40 -0700,,
"Only when I have an early morning flight, do I have an irrational fear that all technology will fail in the night &amp; I'll miss my flight.",619285317359546368,jamielynne82,0,"Austin, Tejas",2015-07-09 16:21:40 -0700,Central Time (US & Canada),
"Hello, technology section of the Israeli Ministry of Economy website. http://t.co/HvinbNrFLV",619285312347488256,hannahkateboast,0,Sheffield vs York,2015-07-09 16:21:38 -0700,London,
RT @nytimes: Uber has filed a motion opposing a class-action suit from drivers http://t.co/SOkSdaukIW,619285311097577473,lassamy,61,"",2015-07-09 16:21:38 -0700,,
Transmitting Data at the Cost of Light: A new technology that allows LED bulbs transmit wireless data in the f... http://t.co/Hi0nWOmgLy,619285309134536704,harvindrai,0,"San Francisco, CA",2015-07-09 16:21:38 -0700,Pacific Time (US & Canada),
"RT @DomPost: Where to develop a racing game top-rated in 120 countries? Yep, Carterton http://t.co/gZXC58BcHe .@MoreporkGames http://t.co/4‚Ä¶",619285304516571137,TheRealSpoonDog,6,South Wairarapa District,2015-07-09 16:21:37 -0700,Canberra,
"Moore‚Äôs law wins: new chips have circuits 10,000 times thinner than hairs http://t.co/LhURfNw6aU",619285302872514560,dchristmas_poet,0,"London, United Kingdom",2015-07-09 16:21:36 -0700,London,
I just checked in at CIT College of InfoMedical Technology with #mPLACES  Download today!  http://t.co/JsLjioXCw5,619285301194653696,labec99,0,Jersey. But not the shore.,2015-07-09 16:21:36 -0700,,
"RT @ninadobrev: Mixing old technology with new. A Polaroid of a Selfie. 
#MarthasMamas http://t.co/ApCjHT879h",619285294945140736,Dobrev4Eva,1757,Nina's Heart,2015-07-09 16:21:34 -0700,,
"RT @IEA: Core policy components: how carbon pricing, energy efficiency &amp; technology work together http://t.co/QtMof8UHuf http://t.co/NAKrFD‚Ä¶",619285292353064960,Imstill49,21,"",2015-07-09 16:21:34 -0700,,
"#SanJose, CA #IT #Job: Web Application Developer( Net) at Robert Half Technology http://t.co/FDALm69DHV #Jobs #Hiring #TweetMyJobs",619285289685549056,tmj_sjc_it1,0,"San Jose, CA",2015-07-09 16:21:33 -0700,Eastern Time (US & Canada),"[37.3393857, -121.8949555]"
"#JagoTipsCom Place Sharing Tips &amp; Tricks Regarding Android, Blog, Business And Technology http://t.co/M78EmLiooh",619285289136033792,info_world2,0,World,2015-07-09 16:21:33 -0700,Bangkok,
VIDEO: Nasa shows off Mars rover marathon: BBC Click's Marc Cieslak looks at some of the best of the week's te... http://t.co/cvoFbVhPVe,619285288754372608,Sylverit,0,London,2015-07-09 16:21:33 -0700,,
VIDEO: Nasa shows off Mars rover marathon: BBC Click's Marc Cieslak looks at some of the best of the week's te... http://t.co/MQHxanuv0u,619285286183309312,SFCwebsolutions,0,London (UK),2015-07-09 16:21:32 -0700,London,
RT @HolicShot: @empiricalerror Engage their engaging engagements with engagement technology.,619285284228829184,empiricalerror,1,Pale Blue Dot,2015-07-09 16:21:32 -0700,London,
#jobs4u #jobs Administrative Assistant - Information Technology http://t.co/sU5yVgEte9 #DET #detroit #MI,619285282769100800,jobs4DET,0,"Detroit, MI",2015-07-09 16:21:31 -0700,,
VIDEO: Nasa shows off Mars rover marathon: BBC Click's Marc Cieslak looks at some of the best of the week's te... http://t.co/cD3zpZFVYV,619285281200455680,terriferic,0,"",2015-07-09 16:21:31 -0700,,
"RT @IndigoRave: Seabird population down 70 per cent around the world, say UBC researchers http://t.co/DfhN7zRQzx sea #birds threatened - so‚Ä¶",619285266709151745,jbierm02,2,"",2015-07-09 16:21:28 -0700,Pacific Time (US & Canada),
Looking for a #Oracle #Technology Specialist - BPM / IAMS / Web Logic - SW UK #jobs http://t.co/KRRVWPWaie,619285263383179264,NeuvooITBri,0,"Bristol, England",2015-07-09 16:21:27 -0700,,
"Mogo Finance Technology Inc. is hiring a #Reporting #and Administration Supervisor, apply now! #Vancouver #jobs http://t.co/tZoXfLuSBa",619285261822898177,NeuvooAdmVan,0,"Vancouver, BC",2015-07-09 16:21:26 -0700,,
Fab day @IABSEUK HendersonColloquium spkng on @camcatalyst &amp; sharing knowledge w other NGOs RE Appropriate Technology http://t.co/24z40nJyV5,619285261642412032,ClaireLGott,0,"Birmingham, London, Cameroon",2015-07-09 16:21:26 -0700,London,
RT @UN_Women: Are targeted ads holding us back? Women less likely to be shown ads for high-paying jobs on @Google http://t.co/leDCwn0hVu v ‚Ä¶,619285258408693760,codexhistoria,30,"The Cotswolds, UK",2015-07-09 16:21:26 -0700,London,
"RT @bfeld: Yeah, well, oops. US: More than 21 million affected by government data breach http://t.co/F2IIUwJgCE #privacy?",619285237613350913,sfanjoy,6,"Ottawa, Canada",2015-07-09 16:21:21 -0700,Eastern Time (US & Canada),
WOMEN in TECHNOLOGY - By Allison Hall - on @LinkedIn https://t.co/3miYjOJZi1,619285223629389824,aldunez,0,"Edmonton, AB (Canada)",2015-07-09 16:21:17 -0700,Mountain Time (US & Canada),
RT @UN_Women: Are targeted ads holding us back? Women less likely to be shown ads for high-paying jobs on @Google http://t.co/leDCwn0hVu v ‚Ä¶,619285222564200449,KarenSands,30,"",2015-07-09 16:21:17 -0700,Quito,
Fucking hate technology,619285217178710018,kavitaubhi_,0,"London, England",2015-07-09 16:21:16 -0700,London,
RT @BBCTech: Website turns free time into money http://t.co/Cd2wEoN8uL,619285206055407616,dchristmas_poet,7,"London, United Kingdom",2015-07-09 16:21:13 -0700,London,
Website turns free time into money http://t.co/QRUjzvqVc3 http://t.co/dKkBkBT8xV,619285202309922816,sasthatech,0,Sivakasi,2015-07-09 16:21:12 -0700,,
Too many angels can hurt a start-up and be taken as an indication that a company is not strong enough to attract any‚Ä¶https://t.co/gUsnccXyMH,619285186669219841,ms_iles,0,"Melbourne, Australia",2015-07-09 16:21:08 -0700,,
VIDEO: Nasa shows off Mars rover marathon http://t.co/3iws7AhIFk #UAE #Follow,619285181308899329,EmiratesTweets,0,United Arab Emirates,2015-07-09 16:21:07 -0700,Quito,
RT @HayesGrier: I have technology again. Wow. Yay,619285180524556288,soyfernandavaz,5377,"",2015-07-09 16:21:07 -0700,America/Mexico_City,
Website turns free time into money http://t.co/gwT510OTao #UAE #Follow,619285179543085056,EmiratesTweets,0,United Arab Emirates,2015-07-09 16:21:07 -0700,Quito,
"North Yorkshire emergency services embracing technology - The Press, York: The Press, York North Yorkshire‚Ä¶ http://t.co/4f9yIcI4dW",619285179291430912,pngpolitics,0,Papua New Guinea,2015-07-09 16:21:07 -0700,Port Moresby,
VIDEO: Nasa shows off Mars rover marathon http://t.co/3FuQ98uQYf #business #marketing,619285178901381121,BroadenMyView,0,St Albans Herts UK,2015-07-09 16:21:07 -0700,London,"[51.74951371, -0.33948975]"
Coloured Pluto comes into view - http://t.co/4az1XiYNIw http://t.co/sg5wQJt3oO,619285178691686401,newsnish,0,"",2015-07-09 16:21:07 -0700,,
Don't miss your target this season...check this out! http://t.co/Lzy0XpDQEk  RT @Liv_Yellowstone,619285178012278785,Waukesha_News,0,"",2015-07-09 16:21:06 -0700,,
Website turns free time into money http://t.co/ZtMhyNnV4D #business #marketing,619285175730483200,BroadenMyView,0,St Albans Herts UK,2015-07-09 16:21:06 -0700,London,"[51.74951371, -0.33948975]"
VIDEO: Nasa shows off Mars rover marathon http://t.co/vGfhJ83ZZO #technews #bbc,619285174153416704,BBCTechUK,0,UK,2015-07-09 16:21:05 -0700,London,
VIDEO: Nasa shows off Mars rover marathon http://t.co/G1wAbtpeGo,619285172656050176,itsupportwales,0,Swansea ,2015-07-09 16:21:05 -0700,London,
Website turns free time into money http://t.co/r9jNvbnk6S #technews #bbc,619285171754287104,BBCTechUK,0,UK,2015-07-09 16:21:05 -0700,London,
VIDEO: Nasa shows off Mars rover marathon http://t.co/OxuVCG4B2E,619285171372593152,MaverickTodd,0,Los Angeles,2015-07-09 16:21:05 -0700,,
VIDEO: Nasa shows off Mars rover marathon http://t.co/fmRbN6bkUC,619285171288735744,ifancyawebsite,0,"Chelmsford, Essex",2015-07-09 16:21:05 -0700,London,
#technology VIDEO: Nasa shows off Mars rover marathon http://t.co/t9iYgA6XY2,619285171188056064,musicVault,0,"London, England",2015-07-09 16:21:05 -0700,London,
Website turns free time into money http://t.co/V3f7GGmfSD,619285170579857409,itsupportwales,0,Swansea ,2015-07-09 16:21:05 -0700,London,
#technology Website turns free time into money http://t.co/QvqpwEWgzr,619285169778745344,musicVault,0,"London, England",2015-07-09 16:21:04 -0700,London,
Website turns free time into money http://t.co/bCqagxENSl,619285169757798400,MaverickTodd,0,Los Angeles,2015-07-09 16:21:04 -0700,,
Website turns free time into money http://t.co/GP2HTyo8zZ,619285169162227712,ifancyawebsite,0,"Chelmsford, Essex",2015-07-09 16:21:04 -0700,London,
How Snapchat's CEO Plans to Conquer the Advertising World http://t.co/REQH3fEjjB,619285164632506368,kzoeb,0,"New York, NY",2015-07-09 16:21:03 -0700,Pacific Time (US & Canada),
Man charged for naming sex attack victim on police Facebook page http://t.co/AbsFAFcasy,619285163869110272,dchristmas_poet,0,"London, United Kingdom",2015-07-09 16:21:03 -0700,London,
Embrace and balance these 3 things to become a more effective ed tech leader: http://t.co/je9DgBdiEX #edleaders,619285163382583297,isteconnects,0,"",2015-07-09 16:21:03 -0700,Pacific Time (US & Canada),
BioSolar Extends Research Agreement for Super Battery Technology Development http://t.co/jYUacmvRFf,619285159414788097,ServproMedia,0,"119 Springfield Ave Folsom, Pa",2015-07-09 16:21:02 -0700,,
Ricky in the office using a Basis Band! #wearable #health #technology http://t.co/7LzPWlcsK8,619285158718386176,BridgecrestMed,0,San Francisco ,2015-07-09 16:21:02 -0700,Pacific Time (US & Canada),
IBM and SUNY partner to announce a breakthrough in computer chip technology. http://t.co/Xwxvrm1rIa,619285143811948544,IncubatorWorks,0,"Horseheads, NY",2015-07-09 16:20:58 -0700,,
#job Business Admin Apprentice: This is an exciting opportunity to join a growing Technology Co... http://t.co/DuslVQkQCT #office #admin,619285138103386113,theOFFICEjob,0,UK and International,2015-07-09 16:20:57 -0700,,
"Bumblebees dying, losing ground due to climate change: MIAMI (AFP) - Bumblebees are struggling to adapt to glo... http://t.co/BvkUP1kIiH",619285137998524416,DKhan1710,0,"Birmingham, United Kingdom",2015-07-09 16:20:57 -0700,London,
Technology in Higher Education: Defining the Strategic Leader - e-Learning Feeds | @scoopit http://t.co/Clr8oLcoef,619285134861299713,bokepasa50,0,Sapporo,2015-07-09 16:20:56 -0700,Irkutsk,
@KristinDSantos @SamHeughan Is it difficult to mix the 18th century story with the 21st technology used to make the show?,619285130948050944,Winfield456,0,"",2015-07-09 16:20:55 -0700,,
RT @FCBayernEN: #FCBayern announce leading technology provider @Gigaset as a new premium partner. More: http://t.co/vu09wYyiQy http://t.co/‚Ä¶,619285127441428480,RockforSean,17,"Los Angeles, ",2015-07-09 16:20:54 -0700,,
RT @Leafly: This innovative #cannabis #tech by @FeelSpry could change dabbing as we know it. #sponsored http://t.co/UzPX0mvJA5 http://t.co/‚Ä¶,619285122379026432,ConnectCannabis,3,"Downtown Portland, Oregon",2015-07-09 16:20:53 -0700,Pacific Time (US & Canada),
"(NEWS) Meet ALGO, Real Estate Agent of the Future https://t.co/EdGqjLgIlX via @sharethis, #RealEstate #FutureOfRealEstate, #TechNews, #NAR",619285122303557636,WPJWorldNews,0,"Miami, Florida",2015-07-09 16:20:53 -0700,Eastern Time (US & Canada),
RT @CSIROnews: Have you heard? We're ready for #Pluto. Aussie team critical to NASA's New Horizons mission to Pluto http://t.co/tdB6N3ItuL ‚Ä¶,619285120009121792,geoffrey_payne,16,The Goldfields,2015-07-09 16:20:53 -0700,Melbourne,
RT @HayesGrier: I have technology again. Wow. Yay,619285117069053952,paulafunky20,5377,LA / UK / NC / SPAIN,2015-07-09 16:20:52 -0700,,
RT @mscgroupllc: VIDEO: Nasa shows off Mars rover marathon: BBC Click's Marc Cieslak looks at some of the best of the... http://t.co/HHFuKQ‚Ä¶,619285112375668737,JohnsonITUK,1,"Coventry, UK",2015-07-09 16:20:51 -0700,,
RT @mscgroupllc: Website turns free time into money: The site that turns time into money http://t.co/Lmb8spsPwa #technews,619285111423520768,JohnsonITUK,1,"Coventry, UK",2015-07-09 16:20:50 -0700,,
.@SouthBendCSC is looking for students to discuss technology in our schools tweet me if you are interested in giving input. @Adams_Eagles,619285101650780160,SBRileyhigh,0,"South Bend, Indiana",2015-07-09 16:20:48 -0700,Eastern Time (US & Canada),
RT @arstechnica: A quick hands-on with Office 2016 for Mac http://t.co/j96yDyHK3V by @JBrodkin,619285101252354048,lex_sousa,9,I'm around‚Ä¶.,2015-07-09 16:20:48 -0700,,
RT @ClimateReality: RT @TheEconomist: The number of extreme weather and climate-related events is rising http://t.co/3u61VCB9e7 http://t.co‚Ä¶,619285084387049473,McLouthWX,33,McLouth KS USA,2015-07-09 16:20:44 -0700,Central Time (US & Canada),
"RT @USNewsHealth: Wearable technology isn't just for #fitness anymore. These devices track your emotions, too: http://t.co/IUsWQy1hvN #ment‚Ä¶",619285082063392768,chrissedwards,15,"",2015-07-09 16:20:43 -0700,,
Learn about #Microsoft's efforts in combating #humantrafficking w/ #tech http://t.co/N9WioGfqrc || #TechvsTrafficking http://t.co/KNwieZv1ta,619285078284349441,MSFTctzAPAC,1,Asia Pacific,2015-07-09 16:20:43 -0700,Singapore,
Thank god for modern technology. I can buy stupid shit on a whim AND have it the next day before I regret it.,619285073418915840,daveegill,0,Toronto-ish,2015-07-09 16:20:41 -0700,Eastern Time (US & Canada),
RT @DiscoveryEd: ‚ÄúPedagogy is the driver. Technology is the accelerator.‚Äù  @thomascmurray #densi2015 #futureready,619285068985552897,dknicely,26,"",2015-07-09 16:20:40 -0700,Eastern Time (US & Canada),
#robotics 5 companies that could cause the robot apocalypse http://t.co/lappuT41c0 #IBDBlogs via @IBDinvestors,619285065890197504,nanofoo,0,"Tempe, Arizona, USA",2015-07-09 16:20:40 -0700,Arizona,
#EDUC5131 Is game-based learning the future?  Minecraft in school? How video games could be the future of learning http://t.co/TeJxyNPBV3,619285046172626944,jaxrak,0,Dallas,2015-07-09 16:20:35 -0700,Mountain Time (US & Canada),
@empiricalerror Engage their engaging engagements with engagement technology.,619285040577552384,HolicShot,1,Buffalo,2015-07-09 16:20:34 -0700,Eastern Time (US & Canada),
‚òÖ JOB ‚òÖ #hiring #ITJob #Job #Dearborn - Technology Planning Engineering SpecialistLAN‚Ä¶ http://t.co/Tgbb7te6Fp ‚òú view details #jobs,619285040409620480,ITMichigan,0,"Michigan, USA",2015-07-09 16:20:34 -0700,,
"[Tree Hugger] Facebook 'likes' clean power, new Texas data center to be powered by 100% wind ener... http://t.co/2leSMliQe5 #Environment",619285025339473924,SPSCIVILS,0,South Africa,2015-07-09 16:20:30 -0700,Pretoria,
RT @AttorneyRanking: How Lawyers Can Improve Their Online Rankings http://t.co/Kyng3t9yuE http://t.co/aCTBu2cQDQ,619285017840095232,yoshuadaely,4,Bali,2015-07-09 16:20:28 -0700,Singapore,
RT @Leafly: This innovative #cannabis #tech by @FeelSpry could change dabbing as we know it. #sponsored http://t.co/UzPX0mvJA5 http://t.co/‚Ä¶,619285016103665665,freckleface420,3,"",2015-07-09 16:20:28 -0700,Pacific Time (US & Canada),
Facebook gets a feminist twist with new friends icons http://t.co/zRpMUCkz9Z #Facebook #Technology #Media #Gender #Feminism #Women,619285015470448640,ITLunch,0,IIT Chicago Illinois,2015-07-09 16:20:28 -0700,,
RT @HayesGrier: I have technology again. Wow. Yay,619285009246126084,Jessi_dallas1,5377, :D,2015-07-09 16:20:26 -0700,,
Volvo Introduces Controversial New Child Car Seat Concept http://t.co/pXOUhvfREp http://t.co/9aa0EhItYN,619285005403983872,jamespeters168,0,New Jersey,2015-07-09 16:20:25 -0700,Pacific Time (US & Canada),
Huge Network |  Watch | VIDEO: Nasa shows off Mars rover marathon http://t.co/FNz0KynlXX #Technology #News #HNN,619285004388970496,HugeNetwork_EN,0,WorldWide,2015-07-09 16:20:25 -0700,,
IBM - What Makes This Tiny Chip a Breakthrough http://t.co/lLMUYiYduQ,619285001872371712,evolvingwealth,0,"Petaluma, CA",2015-07-09 16:20:24 -0700,Pacific Time (US & Canada),
Facebook and Google fined by Brazilian court over 'morbid images' http://t.co/bOnrQoRAbB,619284996034023424,dchristmas_poet,0,"London, United Kingdom",2015-07-09 16:20:23 -0700,London,
RT @Stevewal63: #Facebook Music: Social network may rival Spotify and Apple with its own streaming service  http://t.co/3Qm92DL4uJ,619284988882776064,Nathan_Jr_Eno,1,London,2015-07-09 16:20:21 -0700,,
"RT @cnnbrk: Microsoft to lay off up to 7,800, mostly within its smartphone hardware business. http://t.co/6plDtZXnif http://t.co/inFQxEZIQC",619284978573119488,adunlea,809,"East Cork, Ireland",2015-07-09 16:20:19 -0700,Dublin,
RT @PatoloSevern: Innovation Isn't Always About Technology | http://t.co/fYDZeqTL7h  (via @NewsfusionApps #Startup News) http://t.co/6rnu7r‚Ä¶,619284978430517248,niyiabiri,3,Nigeria.,2015-07-09 16:20:19 -0700,Ljubljana,
RT @sgminterIW: IBM Unveils Potentially Breakthrough Computer Chip #innovation #technology http://t.co/cA6DsccsJw @IndustryWeek,619284975003770880,kirstywilkinson,1,Coalville,2015-07-09 16:20:18 -0700,London,
Why are we giving ants advanced technology? Has we forgotten the lessons of sci-fi movies from the 60s/70s? https://t.co/qaNyhmEIX8,619284973510524928,KaraBraden,0,"Avondale, AZ",2015-07-09 16:20:18 -0700,Arizona,
RT @HayesGrier: I have technology again. Wow. Yay,619284961577676801,kimberly__7,5377,"",2015-07-09 16:20:15 -0700,,
RT @HayesGrier: I have technology again. Wow. Yay,619284958733955072,itsskass,5377,"",2015-07-09 16:20:14 -0700,,
Why technology gotta be so difficult?,619284958230679553,sparklyval17,0,"Edinburg, Tx",2015-07-09 16:20:14 -0700,,
RT @MMaxwellStroud: I nominate @StuckonSW for #HIT99 | A great voice of social work and social justice at the intersection of healthcare an‚Ä¶,619284957001715712,SarahABernes,2,"Washington, DC",2015-07-09 16:20:14 -0700,,
RT @SensiblySara: Dinner time doesn‚Äôt have to be messy thanks to @Huggies wipes and their #tripleclean technology! https://t.co/zMKYBqEPBw ‚Ä¶,619284956695633920,jasmine_espinal,6,NYC & Tampa FL,2015-07-09 16:20:14 -0700,Quito,
Target gives digital devices a homey showcase http://t.co/m1xgq1gJIP #news #technology,619284954753556480,TheNewsUS,0,United States,2015-07-09 16:20:13 -0700,Eastern Time (US & Canada),
"RT @ArtDesign_pro: Solera To Invest $5 Million To Build State-of-the-Art Technology, Training And ... - The Auto... http://t.co/G919B2FrSy ‚Ä¶",619284953797300226,pgcsent,5,"",2015-07-09 16:20:13 -0700,,
Texting without opt in for business is the next huge mobile technology breakthrough.  Learn more: https://t.co/D3Rc6WLFzy,619284949527568384,iCodyTV,0,Michigan,2015-07-09 16:20:12 -0700,Central Time (US & Canada),
"How One Facebook Designer Made the Site's Icons Subtly More Empowering to Women, http://t.co/EDCSxef9xF",619284941675855873,DetonatorAgency,0,"",2015-07-09 16:20:10 -0700,,
"New 5 Star Review: 

 ""Friendly, caring, concerned staff, state of the art technology, they don't rush you... http://t.co/Nvt5cHOHpW",619284936684507136,Sullivan_DDS,0,"Fargo, ND",2015-07-09 16:20:09 -0700,Hawaii,
@JaneFriedman Lucky people are more relaxed and open &amp; see what is there rather than just what they are looking for.http://t.co/0gSCxxoeZB,619284934658633728,rebeccajchaney,0,Australia,2015-07-09 16:20:08 -0700,Sydney,
"education, technology and internet concept - beautiful student girl playing with tablet pc http://t.co/0rrXjCKs5A",619284934109339648,bokepasa50,0,Sapporo,2015-07-09 16:20:08 -0700,Irkutsk,
RT @SAP HR Meets #Technology: 10 Facets Of Culture http://t.co/CYgztGcUNQ via #Digitalist #FutureOfBiz #SAP,619284931148161024,OuestSAP,0,"Vancouver, Toronto & Montreal",2015-07-09 16:20:08 -0700,Arizona,
#tecnologia 'Hacking' Gut Bacteria Could Spur New Medical Treatments: A type of bacteria cal... http://t.co/GZVKUqFWpA #technology #tech,619284930166521864,Vito_Cilluffo,0,Italia,2015-07-09 16:20:07 -0700,Hawaii,
#tecnologia 'Hacking' Gut Bacteria Could Spur New Medical Treatments: A type of bacteria cal... http://t.co/5crLrCPLmt #technology #tech,619284928551714816,enjoytech2015,0,"",2015-07-09 16:20:07 -0700,,
RT @PT6Nation: The First-stage Integral Bladed Rotor (IBR) technology was introduced on the PT6A-65 model in 1984. Read more: http://t.co/q‚Ä¶,619284924642816000,GuilleT6,1,Uruguay,2015-07-09 16:20:06 -0700,Greenland,
RT @Krissy_r: Dinner time doesn‚Äôt have to be messy thanks to .@Huggies wipes and their #tripleclean technology! AD https://t.co/5TdfjoaZZ4,619284921820033024,jasmine_espinal,9,NYC & Tampa FL,2015-07-09 16:20:05 -0700,Quito,
From Japan to America: A personal journey with distracted driving   #connectedcar http://t.co/OAvpys6Qgm #nuanceteam http://t.co/8nxGlvgPgS,619284921413201920,terryalanbrown,0,"Ottawa, Canada",2015-07-09 16:20:05 -0700,Quito,
"Facebook 'likes' clean power, new Texas data center to be powered by 100% wind energy: 
All those cat pictures... http://t.co/vEGT9Acxxj",619284921392037888,welldore81,0,–£–∫—Ä–∞–∏–Ω–∞,2015-07-09 16:20:05 -0700,,
RT @nytimesbusiness: How Google is reinventing the way you search on your mobile phone http://t.co/DmlIqHDOcc http://t.co/hFxIvhEssQ,619284921291554816,ruiassuncao94,4,Set√∫bal,2015-07-09 16:20:05 -0700,Lisbon,
Future Food: How Cutting Edge Technology &amp; 3D Printing Will Change the Way You Eat (Gyges 3D Presen‚Ä¶ http://t.co/yROBR8hNBg,619284919680806916,RedditComTech,0,"",2015-07-09 16:20:05 -0700,Irkutsk,
Why Apple's Stock Has Been Weak http://t.co/SlyoBS1mlC  #tech #technology,619284919215218688,jasonhartsoe,0,"Hickory, NC USA",2015-07-09 16:20:05 -0700,Eastern Time (US & Canada),
What If Tim Hunt Had Done It Differently http://t.co/bbb2nioD1E  #tech #technology,619284917399097344,jasonhartsoe,0,"Hickory, NC USA",2015-07-09 16:20:04 -0700,Eastern Time (US & Canada),
Ugh üò© stupid technology,619284915838939136,bappnshakes,0,my ‚ù§Ô∏è lives in the Caribbean,2015-07-09 16:20:04 -0700,Eastern Time (US & Canada),
Why So Many Billion-Dollar Unicorn Startups? VCs Tell All http://t.co/aPJFnVYKPA  #tech #technology,619284915222220800,jasonhartsoe,0,"Hickory, NC USA",2015-07-09 16:20:04 -0700,Eastern Time (US & Canada),
A 'Call Of Duty' Mini-Fridge Comes With The 'Juggernog' Edition Of 'Black Ops 3' http://t.co/fgRAg7bnwD  #tech #technology,619284913498382336,jasonhartsoe,0,"Hickory, NC USA",2015-07-09 16:20:03 -0700,Eastern Time (US & Canada),
"In 5 Days, We'll See Pluto Up Close for the First Time in History http://t.co/a9gOb2GB9r",619284912756146177,Jackiemct,0,"",2015-07-09 16:20:03 -0700,Eastern Time (US & Canada),
#TBT to a great read from @Gartner_inc on 5 reasons for a modern #datacenter strategy. What do you think? http://t.co/ixrVufU8HY #technology,619284905353019392,Pivot3Inc,0,"Austin, TX",2015-07-09 16:20:01 -0700,Pacific Time (US & Canada),
"RT @udouseless: #Ubers technology &amp; apps existed before uber, it is about exploitation at every level, they do not follow laws &amp; regulation‚Ä¶",619284904522698752,thfcwally,6,"",2015-07-09 16:20:01 -0700,,
I have had a rough time with technology and customer service the last couple of days.  This has led to a spike in alcoholic consumption,619284903771906048,DonThePisano,0,"",2015-07-09 16:20:01 -0700,Atlantic Time (Canada),
Gizmodo:  Why I Suddenly Care About Blackberry http://t.co/c3E0NlCWP6 #technology http://t.co/mdemaEirrB,619284894250733568,Gist_Central,0,"",2015-07-09 16:19:59 -0700,,
RT @medschooladvice: No piece of technology will be even a fraction as amazing as the machine that is the human body. Suck it Apple.,619284889230254080,LaurenHartman6,27,"",2015-07-09 16:19:58 -0700,,
"RT @HeatherFaison: ""Technology is here to stay. It's our job to use it and tell stories that matter"" @webjournalist w/@globalgirlmedia. htt‚Ä¶",619284888676495361,webjournalist,2,"Los Angeles, CA",2015-07-09 16:19:57 -0700,Pacific Time (US & Canada),
RT @CSIROnews: Have you heard? We're ready for #Pluto. Aussie team critical to NASA's New Horizons mission to Pluto http://t.co/tdB6N3ItuL ‚Ä¶,619284887963484160,IPAustralia,16,Canberra,2015-07-09 16:19:57 -0700,Canberra,
T-Mobile US calling plans to cover Canada and Mexico: NEW YORK (AP) ‚Äî T-Mobile will now let its U.S. customers... http://t.co/KTYqPfNZgr,619284887145549824,technology_whiz,0,United States,2015-07-09 16:19:57 -0700,,
RT @IEEEorg: Researchers are developing a new tamper detector using physical unclonable function #technology: http://t.co/A4c5u37HSI via @p‚Ä¶,619284884201193472,mmrafiq89,1,"Faisalabad, PK",2015-07-09 16:19:56 -0700,Islamabad,
"RT @Cerys_Locksley: .@nypost Samsung provide technology to the world, Korean Youth use it 2photograph &amp; upload torture http://t.co/W02HExOX‚Ä¶",619284874025799680,Iknowbettanow,2,"",2015-07-09 16:19:54 -0700,Quito,
How a team of young people helped rebuild http://t.co/TTahowJZZB http://t.co/fHhq4FdU0N,619284870444019712,alduh03,0,"",2015-07-09 16:19:53 -0700,Hong Kong,
"RT @latimes: T-Mobile extends coverage to Mexico, Canada at no extra cost http://t.co/LxcvMy799L",619284870095892481,mgreco84,28,"Port St. Lucie, FL. 34983",2015-07-09 16:19:53 -0700,Eastern Time (US & Canada),
How a team of young people helped rebuild http://t.co/2xPy9seqTA http://t.co/rOV3FWV3rK (DesignNewz),619284867642183680,designdotdaily,0,Brasil,2015-07-09 16:19:52 -0700,Brasilia,
Brain Technology and Neuroscience Research Centre http://t.co/bfPp6XBhFt,619284865297567748,bokepasa50,0,Sapporo,2015-07-09 16:19:52 -0700,Irkutsk,
#Lloyds #Bank looks to #NFC #technology to end automated security calls - http://t.co/35U3oW8Cvk #uk,619284859052236800,StanleyEpstein,0,Israel,2015-07-09 16:19:50 -0700,Jerusalem,
RT @Greatvine32: Check out Truglo...the best sights on the market for the serious.... http://t.co/WL8DpBGYXY  RT @Greatvine32,619284849225007104,seo88market,1,"",2015-07-09 16:19:48 -0700,,
RT @abc7newsBayArea: WATCH LIVE: ABC7 is the first Bay Area TV station to air live from unmanned drone: http://t.co/2iR0jNVYMC #DroneView7 ‚Ä¶,619284836205748224,voltagevalley,5,"Fremont, Ca",2015-07-09 16:19:45 -0700,,
Website turns free time into money http://t.co/rWKW1Yo3gP,619284822389755904,ewana_ew,0,Thailand,2015-07-09 16:19:42 -0700,,
Exciting advance! http://t.co/AWmRWoNJBE,619284821727125509,localfoodparkcs,0,"St. Petersburg, Tampa Bay Area",2015-07-09 16:19:41 -0700,,
"RT Nanowerk: Research alliance produces working test chips in 7-nm technology http://t.co/q3DbhyYRvK
 #nanotechnology ‚Ä¶ -TTY:IAMRAP_Ent -‚Ä¶",619284819520917504,sunnysai12345,0,"",2015-07-09 16:19:41 -0700,,
"Technology is rad. 
I just talked to my Abuelita in South America via cell phone 

üì±üëµüèΩüíï",619284819223056384,gaaaabi,0,‚†Ä‚†Ä‚†Ä‚†Ä‚†Ä‚†Ä‚†Ä,2015-07-09 16:19:41 -0700,Central Time (US & Canada),
IBM has produced the world's first 7 nanometre chip. Moore's Law continues. #Nanotechnology http://t.co/7jTsLg9AB2 ‚Ä¶ -TTY:IAMRAP_Ent -TTY‚Ä¶,619284818359140352,sunnysai12345,0,"",2015-07-09 16:19:41 -0700,,
Website turns free time into money http://t.co/hrBxvqDMDo,619284816043864064,randomshandom,0,"",2015-07-09 16:19:40 -0700,New Delhi,
RT @ToddingtonInt: Is Privacy Dead? And the Survey Says http://t.co/PkSSYGqrWy via @tamaradull,619284815641186304,jilldyche,0,"Los Angeles, CA",2015-07-09 16:19:40 -0700,Pacific Time (US & Canada),
"Deals Fashion &gt;&gt; http://t.co/rnqr42S0Dk #5114 Swiss Timer with Green Illumination Technology

$225.00
End Date: W‚Ä¶ http://t.co/dJWBdUsMRv",619284814336802820,RZ_RW_6E_ZF,0,USA,2015-07-09 16:19:40 -0700,,
#nanotechnology via cristianespinel - Sensor technology can improve accuracy of #prostate cancer diagnosis http://t.co/zrHIhWlO2N -TTY:ma‚Ä¶,619284813007200256,sunnysai12345,0,"",2015-07-09 16:19:39 -0700,,
"RT @CaelusGreenRoom: Black Girls CODE Opens New Chapter in Raleigh-Durham, Seeks to Inspire Girls Through Technology... http://t.co/Pi4rLgn‚Ä¶",619284797089841152,Ricletts,57,"Silver Spring, MD, USA",2015-07-09 16:19:36 -0700,Quito,
AppDynamics Announces Expanded Performance Management Support for ... - Financial Express http://t.co/Z8o5ItOMqU #News,619284792618528768,GoogleNewsEN,0,United States,2015-07-09 16:19:34 -0700,Central Time (US & Canada),
Check out Truglo...the best sights on the market for the serious.... http://t.co/WL8DpBGYXY  RT @Greatvine32,619284791721107456,Greatvine32,1,The Universe,2015-07-09 16:19:34 -0700,Pacific Time (US & Canada),
VIDEO: Nasa shows off Mars rover marathon http://t.co/cve2QZNg5B,619284785865736192,NewsHappening,0,"",2015-07-09 16:19:33 -0700,,
RT @BBCBusiness: Website turns free time into money http://t.co/DmfX4qnBN5,619284785056358400,_TheStartUpGirl,8,London,2015-07-09 16:19:33 -0700,Amsterdam,
"#LosAngeles, CA #IT #Job: Desktop Support/Helpdesk Level II at Robert Half Technology http://t.co/t2pa0AK4Py #Jobs #Hiring #TweetMyJobs",619284774901841920,tmj_LAX_adm,0,"Los Angeles, CA",2015-07-09 16:19:30 -0700,Eastern Time (US & Canada),"[34.0522342, -118.2436849]"
RT @CDW_Jessica: .@Microsoft offers researchers $500K to work on its @HoloLens headset http://t.co/NVypkfbOIS #cdwsocial http://t.co/oEwdyi‚Ä¶,619284771336617984,djflavi,1,"Denver, CO",2015-07-09 16:19:29 -0700,Mountain Time (US & Canada),
A United pilot flushed bullets down the on-board toilet http://t.co/uCOr4u3yr1 #Technology,619284770606989312,ElizaAdenle,0,"Houston, Texas",2015-07-09 16:19:29 -0700,,
Campaign preview by @benjamincolombel #TheRevolutionHasBegun #Paris #denim #chinos #technology #luxury #menswear http://t.co/V0cxpgcKkF,619284768841142272,FaraDayProject,0,"Paris, France",2015-07-09 16:19:29 -0700,,
RT @abc7newsBayArea: WATCH LIVE: ABC7 is the first Bay Area TV station to air live from unmanned drone: http://t.co/2iR0jNVYMC #DroneView7 ‚Ä¶,619284767972831232,DeanCSmith,5,"San Mateo, California",2015-07-09 16:19:29 -0700,Pacific Time (US & Canada),
"Technology Partners #IT #Job: IT Architect - Java (#Memphis, TN) http://t.co/QR6L76Zpm7 #Jobs #Hiring #TweetMyJobs",619284764491542528,TPI_Careers,0,"",2015-07-09 16:19:28 -0700,,"[35.1927931, -89.8692203]"
RT @LACMA: This installation features documentation on our original Art &amp; Technology Program http://t.co/HM1lhHPgYO #ArtPlusTech http://t.c‚Ä¶,619284753007513600,queencupcake9,3,"Long Beach, CA",2015-07-09 16:19:25 -0700,America/Los_Angeles,
RT @virgiliocorrado: @SGgrc @leolaporte #SecurityNow topic? (offtopic) IBM has developed the 1st 7nm chips with four times the capacity of ‚Ä¶,619284749966639104,rob_ssm,2,ABQ NM,2015-07-09 16:19:24 -0700,,
@bex_rush I have a degree in media technology years of social care experience and I'm struggling to get an interview,619284748075200512,ninawiski,0,"Glasgow, Scotland",2015-07-09 16:19:24 -0700,Edinburgh,
"#Tax #Manager, Technology Enthusiast needed in #St.John's at pwc. Apply now! #jobs http://t.co/0qW1nIOjG6",619284745629880320,NeuvooStJohns,0,"St John's, NL",2015-07-09 16:19:23 -0700,,
RT @bjnichols: 23 Tools For Students To Publish What They Learn http://t.co/1EQCmOOwNe,619284744019144704,ospikes,3,"Garland, TX",2015-07-09 16:19:23 -0700,Central Time (US & Canada),
RT @peta: @patriotshollow It is completely unnecessary with the technology we have today: http://t.co/6LzslODtQE,619284738772234240,patriotshollow,1,Iowa / ozark mts  ,2015-07-09 16:19:22 -0700,Eastern Time (US & Canada),
RT @gerfingerpoken: China Tests DF-41 Missile Using U.S. Technology Clintons Gave Them http://t.co/jBwHKLlikt  - #IBDEditorials - http://t.‚Ä¶,619284733843931140,AU_bebe,3,Proud Auburn Tiger. War Eagle!,2015-07-09 16:19:20 -0700,Central Time (US & Canada),
Uber Files Opposition To Case That Could Make All Drivers Employees ... http://t.co/UfaLRKxN31 #tech #technology http://t.co/bweY7jPt2T,619284725241217025,amasoliverdilme,0,Barcelona,2015-07-09 16:19:18 -0700,Madrid,
"Hiring Now: Chief Technology Officer (CTO) San Francisco, CA dk in San Francisco, CA http://t.co/Vlh8cjmgwf #ESRJobsForAll",619284721730744320,ESRJobsForAll,0,"",2015-07-09 16:19:18 -0700,Pacific Time (US & Canada),
Facebook makes it easier to tweak what you see in your feed http://t.co/4YF8Jcv1Eq,619284714675945472,BlindDogRescue,0,USA & Canada,2015-07-09 16:19:16 -0700,Eastern Time (US & Canada),
"#journalsm#job alert Director, Technology, Partner and Services Public Relations - NetApp - Sunnyvale, CA: A b... http://t.co/5rEqRvSfpm",619284714319286272,Journaljobcast,0,"",2015-07-09 16:19:16 -0700,Eastern Time (US & Canada),
RT @VladoBotsvadze: Innovation Isn't Always About Technology http://t.co/I0Lwb8hszN via @Inc,619284713140649984,JaniceCuban,1,"San Francisco, CA",2015-07-09 16:19:16 -0700,Alaska,
@karynclimans Technology happened! ‚ò∫ I am a freelance Community Manager always looking for new opportunities!,619284701694533632,socialrobin,0,"Milton, ON",2015-07-09 16:19:13 -0700,,
The HIDE Clutch keeps your technology in mind. #HIDEcollection #HIDEclutch #ipadcase #BARE #barelife‚Ä¶ https://t.co/EGKEYMHgNn,619284700159438848,baremade,0,"Denver, CO",2015-07-09 16:19:12 -0700,,
.@SouthBendCSC is looking for students to discuss technology in our schools tweet me if you are interested in giving input. #rhspltw,619284698150379520,SBRileyhigh,0,"South Bend, Indiana",2015-07-09 16:19:12 -0700,Eastern Time (US & Canada),
OPM hack: 21 million people's personal information stolen http://t.co/y0g8nEdq1n,619284692446126080,uGuard_io,0,"",2015-07-09 16:19:11 -0700,,
RT @SFGate: The U.S. thinks it knows who stole Social Security numbers of 21 million people http://t.co/gugGl3YGlp http://t.co/3Enlx6MuXR,619284686133555200,talk910,5,SF / Bay Area,2015-07-09 16:19:09 -0700,Pacific Time (US & Canada),
ROCANA INSTITUTE OF TECHNOLOGY (RIT) VACANCIES http://t.co/SpPg2d0xL6,619284685705707524,dialysisworldng,0,Nigeria/Africa ,2015-07-09 16:19:09 -0700,,
Meet the 17-Year-Old Launching Her DNA Experiment Into Outer Space http://t.co/f7G5E66TqZ #News #Technology,619284685651206145,__Technology,0,"",2015-07-09 16:19:09 -0700,Pacific Time (US & Canada),
‚òÖ JOB ‚òÖ #hiring #ITJob #Job #Tampa - Emerging Technology Analyst http://t.co/Rw5lxlFbFZ ‚òú view details #jobs,619284681452695552,ITJobsinFlorida,0,"Florida, USA",2015-07-09 16:19:08 -0700,,
RT @HuffingtonPost: 11 stunning places where you can detox from technology http://t.co/cxlWwIw9F6 http://t.co/3Riuyjcv1T,619284678546165760,JJSea,110,New York ,2015-07-09 16:19:07 -0700,Pacific Time (US & Canada),
RT @nytimesbusiness: How Google is reinventing the way you search on your mobile phone http://t.co/DmlIqHDOcc http://t.co/hFxIvhEssQ,619284672766316545,Yuriyurianto,4,Jakarta,2015-07-09 16:19:06 -0700,,
Website turns free time into money: The site that turns time into money http://t.co/BenKL96H1J,619284662850981889,NeilFed,0,"Northamptonshire, UK",2015-07-09 16:19:04 -0700,Amsterdam,
"RT  BFD BigFatDave :
Gun bans CAN'T work. You can't effectively restrict technology in the information age, #GunSe‚Ä¶ http://t.co/Hu58a94eBk",619284659919290369,dronemaniac,0,US; World,2015-07-09 16:19:03 -0700,Santiago,
How a team of young people helped rebuild http://t.co/K6sPUYwTM2 http://t.co/j47hywfTAm http://t.co/D2vVb3HgNQ,619284659881406464,thedesignersmag,0,"",2015-07-09 16:19:03 -0700,,
Maybe we should try collaborating on #cybersecurity to help each other out? @byandreachang @traceylien @LAtimes http://t.co/IPtfUJ3y5N,619284646963118080,comilion_info,0,"",2015-07-09 16:19:00 -0700,Bucharest,
IBM chips 'contain smallest parts' http://t.co/CBQaqoxE69 | https://t.co/gO9e5aEwZN http://t.co/YUg8ZRjtbL,619284628096991232,6hddLol,0,"",2015-07-09 16:18:55 -0700,,
@ADAssemblies we manufacture &amp; supply custom cables assemblies #electronics #PCB #technology #ukmfg #innovation #tech http://t.co/Wj0ws9Wc4a,619284627660914688,ADAssemblies,0,Sheffield,2015-07-09 16:18:55 -0700,,
"""green business"" - A Low-Tech Solution to a Hi-Tech Problem: Trains That Generate Electricity http://t.co/WkU9manEXe",619284625312120832,revuedepresse30,0,france,2015-07-09 16:18:55 -0700,Paris,
"Great technology, but confirms alarming #deforestation. https://t.co/1sxklJipCd",619284613429465088,rmhatt,0,"Lincoln, NE",2015-07-09 16:18:52 -0700,Central Time (US & Canada),
Is Facebook about to enter the music streaming war? http://t.co/0fg05nUWm2,619284612733403136,dchristmas_poet,0,"London, United Kingdom",2015-07-09 16:18:52 -0700,London,
IBM: What Makes This Tiny Chip a Breakthrough - ABC News: ABC News IBM: What Makes This Tiny‚Ä¶ http://t.co/a0mxiwYM7N,619284602314752001,StudentsCloud,0,"",2015-07-09 16:18:49 -0700,Quito,
"Review: Microsoft Office in a world of multiple devices - GENERAL PHYSICS ...

Micro ...

http://t.co/DymfjE5Vgf http://t.co/Kl08wj2yqj",619284601408598016,genphys,0,Los Angeles,2015-07-09 16:18:49 -0700,,
RT @gimsunggyu: true music true emotion true technology,619284600867549184,ddww1001,198,"",2015-07-09 16:18:49 -0700,,
"RT @torproject: ""TOR is a proven (10+ years), robust and secure technology for browsing the Internet in an anonymous way.""- David Vincenzet‚Ä¶",619284595947737088,j0nKhan,64,"",2015-07-09 16:18:48 -0700,Amsterdam,
"RT @jtotheizzoe: Great article @Slate about Facebook‚Äôs disgusting video piracy epidemic, w/ comments by @smartereveryday http://t.co/ZmnEqI‚Ä¶",619284595469627393,MegaM64,18,"",2015-07-09 16:18:47 -0700,,
VIDEO: Nasa shows off Mars rover marathon http://t.co/hidvYN81jd #technology #science #nature #video,619284586002952192,JonathonAddis,0,London,2015-07-09 16:18:45 -0700,,
"RT @onwallstreet: Robos are not the threat people fear it is, Tash Elwyn tells @RaymondJames advisors #rjsdc2015 http://t.co/W3OMq3etZr by ‚Ä¶",619284580688760832,ZarVicBrothers,2,NY,2015-07-09 16:18:44 -0700,Eastern Time (US & Canada),
RT @amywilkinson: Leslie‚Äôs Law shows how #startups can own their markets: http://t.co/PpThMyo0j2 via @StanfordBiz http://t.co/webPQDeazd,619284577408942080,vailbrown,3,"Washington, DC",2015-07-09 16:18:43 -0700,Eastern Time (US & Canada),
RT @SFGate: The U.S. thinks it knows who stole Social Security numbers of 21 million people http://t.co/gugGl3YGlp http://t.co/3Enlx6MuXR,619284575320059905,RuthDSegura,5,San Francisco ,2015-07-09 16:18:43 -0700,Pacific Time (US & Canada),
"#Minecraft in school? Ah, yep. How video games could be the future of learning http://t.co/9dseFn8hFM #edtechbc #edtech #bced",619284571293507584,jyasinchuk,0,"Nelson, British Columbia",2015-07-09 16:18:42 -0700,Pacific Time (US & Canada),
"RT @tyriquex: There is no problem with being an online activist, this is a technology based world and social media is slowly taking over th‚Ä¶",619284569511063553,pearlessence_,3,"",2015-07-09 16:18:41 -0700,Central Time (US & Canada),
"RAVPower 7800mAh Portable Charger Power Bank External Battery Pack(Deluxe Series, iSmart‚Ä¶ http://t.co/uscqwC04cc",619284567669743616,Cell_Phones_Acc,0,Worldwide,2015-07-09 16:18:41 -0700,Quito,
"Can you recommend anyone for this #CustomerService #job? http://t.co/2U6VRSthXB #SaltLakeCity, UT #Hiring #TweetMyJobs",619284566243610624,tmj_slc_cstsrv,0,"Salt Lake City, UT",2015-07-09 16:18:41 -0700,Eastern Time (US & Canada),"[40.7607793, -111.8910474]"
Broke my phone. I can't see my screen at all. HOWEVER I can still set my alarm clock online #Technology,619284557758500864,Conradicalness,0,Inmyskinifijumpoutyoujumpin,2015-07-09 16:18:38 -0700,America/Chicago,
"Beware of the dark side of technology, warns expert http://t.co/3NTMamSFch",619284553736261633,worship24_7,0,"Waynesboro, Va., USA",2015-07-09 16:18:38 -0700,Quito,
RT @Virtualvisa: MasterCard will approve purchases by scanning your face #onlineshopping #mrx #payments http://t.co/eAgdWKSMfL,619284541925105664,lydiassapp,4,"",2015-07-09 16:18:35 -0700,,
New #job opening at AECOM Technology in #SanDiego - #Stock #Clerk #jobs http://t.co/OyKLn3hoWk,619284533918236672,NeuvooAdmSD,0,"San Diego, CA",2015-07-09 16:18:33 -0700,,
PocketHits: The Mob's IT Department - http://t.co/jgAMXl7nuK (business) #pockethits,619284527186362372,strawb_smoothie,0,"",2015-07-09 16:18:31 -0700,Eastern Time (US & Canada),
How to Illuminate Your Technology Buyer‚Äôs Sales Journey https://t.co/CbSdWUwh2x,619284524015300610,MateoCarmonaA,0,Somewhere,2015-07-09 16:18:30 -0700,Bogota,
RT @SFGate: The U.S. thinks it knows who stole Social Security numbers of 21 million people http://t.co/gugGl3YGlp http://t.co/3Enlx6MuXR,619284523088351232,LeanN_Mean,5,"",2015-07-09 16:18:30 -0700,Arizona,
"@JamilJafri haha I'm not illiterate when it comes to technology, I was merely interested in your opinion.",619284521750556672,WomanizingNerd,0,destination unknown,2015-07-09 16:18:30 -0700,London,
Blu-ray review: Dog Soldiers: Collector's Edition http://t.co/ydy26YZ9HV #technology,619284520890580992,Amber1159,0,"",2015-07-09 16:18:30 -0700,Atlantic Time (Canada),
HealthSparx: Showcasing innovation in health and technology http://t.co/oot8sy8cbC via @StarterPad,619284515794456577,minitaxi,0,Turin city,2015-07-09 16:18:28 -0700,Rome,
"Happily hang out in the hot-tub hammock, Ep. 210 http://t.co/0UoVe2RG6O #technology",619284499915010048,souvik_an,0,Kolkata,2015-07-09 16:18:25 -0700,New Delhi,
The latest iPhone 6S details http://t.co/D1Szi0quBv #technology,619284498656722944,souvik_an,0,Kolkata,2015-07-09 16:18:24 -0700,New Delhi,
Crave Ep. 210: Happily hang out in the hot-tub hammock http://t.co/PG9QgbpYj2 #technology,619284496819593216,souvik_an,0,Kolkata,2015-07-09 16:18:24 -0700,New Delhi,
Deepening Dependency on Technology Raises Risk of Breakdowns - ABC News http://t.co/1MVEwmQT68,619284491438292992,juevesTIC95,0,Dominican Republic,2015-07-09 16:18:23 -0700,,
IBM Takes a Big Leap in Nano Chip Technology Development - http://t.co/Ot1Y7TV35F http://t.co/j2smQxzudo,619284489387286528,juevesTIC95,0,Dominican Republic,2015-07-09 16:18:22 -0700,,
"RT @CNNMoney: If you downloaded these #Android games, change their Facebook password now: http://t.co/rV0Q621iDh @Jose_Pagliery http://t.co‚Ä¶",619284484261847040,ContComGrp,9,"Glendale, CA",2015-07-09 16:18:21 -0700,Arizona,
"Knock it off with your technology, Whittle.",619284473914462208,notAvgeropoulos,0,"",2015-07-09 16:18:18 -0700,Casablanca,
"RT @udouseless: #Ubers technology &amp; apps existed before uber, it is about exploitation at every level, they do not follow laws &amp; regulation‚Ä¶",619284472035442688,TootlestheTaxi,6,London,2015-07-09 16:18:18 -0700,London,
This is why I will no loner support you @Amazon. Amazon to pay Kindle authors only for pages read. http://t.co/we5tcbROvA,619284472031260672,Lauren9620,0,In a world of pure imagination,2015-07-09 16:18:18 -0700,,
Assistant Professor/Lecturer in Nursing Clinical Practice: Cyprus University of Technology - Department of Nur... http://t.co/ggzB5adyar,619284469434880000,try_plan,0,"",2015-07-09 16:18:17 -0700,,
"The ""Doctor Who"" Season 9 Trailer Featuring Maisie Williams Is Here http://t.co/mUWv4xCQr1 #3dprinting #technology #science #business #st‚Ä¶",619284469057515521,jonacosto,0,"Philadelphia, PA",2015-07-09 16:18:17 -0700,Eastern Time (US & Canada),
"RT @MargaretMolloy: 13 Worldwide Marketing Leaders Talk Creativity, Data, and Technology at Cannes Lions 2015 via ... http://t.co/A9Avjevt2g",619284468575141890,evanpdunn,3,"Seattle, WA",2015-07-09 16:18:17 -0700,Pacific Time (US & Canada),
RT @FoxBusiness: 21.5 million social security numbers were compromised. Why cyber crime is rising: http://t.co/BaOJpGKnyh http://t.co/xSL1C‚Ä¶,619284468000370688,dfwsecurityguru,8,"Dallas, TX",2015-07-09 16:18:17 -0700,Mountain Time (US & Canada),
RT @nytimesbusiness: How Google is reinventing the way you search on your mobile phone http://t.co/DmlIqHDOcc http://t.co/hFxIvhEssQ,619284463583756288,GS_BShaw,4,"Roseville, CA",2015-07-09 16:18:16 -0700,Pacific Time (US & Canada),
"Gun bans CAN'T work. You can't effectively restrict technology in the information age, #GunSense drones. http://t.co/ydUx2xP48r",619284460761169921,BigFatDave,0,"the range, teaching #GunSafety",2015-07-09 16:18:15 -0700,Central Time (US & Canada),
@Cassius335 You can tell by the technology it's not THAT far into the future. It's not like saying Nu52 is all done in 5 years.,619284454675251201,HMRC4EVR,0,"Middle of Nowhere, Va",2015-07-09 16:18:14 -0700,Atlantic Time (Canada),
http://t.co/xB9H19pmJO Best Buy hosts Geek Squad Academy to teach kids about technology http://t.co/oKOnhMA5tS,619284446311804928,Technews24hNow,0,"",2015-07-09 16:18:12 -0700,,
"Interested in a #IT #job near #Gilbert, AZ? This could be a great fit: http://t.co/IGVoSKhp31 #Hiring #TweetMyJobs",619284444550008832,tmj_phx_it,0,"Phoenix, AZ",2015-07-09 16:18:11 -0700,Eastern Time (US & Canada),"[33.3528264, -111.789027]"
http://t.co/BGjByFKgyM Deepening dependency on technology raises risk of breakdowns http://t.co/oKOnhMA5tS,619284444256575488,Technews24hNow,0,"",2015-07-09 16:18:11 -0700,,
RT @enjoytech2015: #gamedev #GAME Star Wars Science That May Actually Be Real: Holograms Have Come to LifeAll o... http://t.co/ov1CHyN00D #‚Ä¶,619284444218667008,CowboyGamedevBt,2,"",2015-07-09 16:18:11 -0700,Pacific Time (US & Canada),
RT @epidemian: This should serve as a reminder that technology is not amoral. https://t.co/lhOkASugdV,619284437902184448,j4n0s,1,"Buenos Aires, Argentina",2015-07-09 16:18:10 -0700,Buenos Aires,
"Galileo, the leaked hacking software from Hacker Team (defense contractor), contains code to insert child porn... http://t.co/1Jla4K00k2",619284434005528577,getyourtechnews,0,"",2015-07-09 16:18:09 -0700,,
http://t.co/aJLa9ijoVn Infographic Highlights Importance of Digital Travel Marketplace http://t.co/oKOnhMA5tS,619284433724645376,Technews24hNow,0,"",2015-07-09 16:18:09 -0700,,
RT @MirrorMoney: Google Nexus 9 tablet down to ¬£199.99 in @Argos sale &amp; it's the cheapest on the high street: http://t.co/xLTbjaM7y6 http:/‚Ä¶,619284433170870272,SamraGOHAR2014,5,"",2015-07-09 16:18:09 -0700,,
"RT @treehouse: Learn to code. Build a portfolio. Find your dream career in technology. 

Get started today! http://t.co/qhun3j2lJX http://t‚Ä¶",619284425700982784,ToiiShan,4,Earth,2015-07-09 16:18:07 -0700,,
@WlZKHALlFA especially when you spend the majority of your time using technology but not for education purposes.,619284420281901056,afronomics_,0,"",2015-07-09 16:18:06 -0700,,
RT @enjoytech2015: #gamedev #GAME Star Wars Science That May Actually Be Real: Holograms Have Come to LifeAll o... http://t.co/ov1CHyN00D #‚Ä¶,619284418897793024,GameDevRobot,2,INTERNET,2015-07-09 16:18:05 -0700,Melbourne,
"RT @9ralife: Yaba College of Technology: The Growing Rots, Extortion and Neglects Students Are‚Ä¶ http://t.co/3ACAGKNeY0 http://t.co/A2OXqvtM‚Ä¶",619284418235138050,LaVeronicaMag,9,"Lagos, Nigeria",2015-07-09 16:18:05 -0700,London,
Maritza Reboucas is working late in her apartment in Sao Paulo's Jardim Santa Ines neighbourhood. #saopaulo http://t.co/oN8cfO2O8O,619284416096026625,NewsSnap,0,"",2015-07-09 16:18:05 -0700,,
Maritza Reboucas is working late in her apartment in Sao Paulo's Jardim Santa Ines neighbourhood. #saopaulo http://t.co/EaBCsMAaXw,619284415248732161,tweetameter,0,UK,2015-07-09 16:18:05 -0700,Hawaii,
"ACE body structure and pedestrian injury mitigation technology minimize injuries
#JazzLaunch",619284413214425089,UjwalAdiga,0,Bengaluru,2015-07-09 16:18:04 -0700,New Delhi,
RT @Vito_Cilluffo: #gamedev #GAME Star Wars Science That May Actually Be Real: Holograms Have Come to LifeAll o... http://t.co/DfsgXKwneM #‚Ä¶,619284408181370880,GameDevRobot,2,INTERNET,2015-07-09 16:18:03 -0700,Melbourne,
Symantec work highlights increasing threat of trade secret theft:  http://t.co/aetO7jHOCw,619284406944071681,fwscholl,0,"Brentwood, TN",2015-07-09 16:18:03 -0700,Central Time (US & Canada),
RT @LoveSolutionMG: Don't Get Opt-out By Your Audiences! - ABC News #marketing #inbound #facebook #socialmedia #tips #audience #newsfeed  h‚Ä¶,619284406289760257,nicarosenberg1,1,"",2015-07-09 16:18:02 -0700,,
RT @cbcurran: How can we channel some startup tech talent to the enterprise? An important #CIO challenge. http://t.co/1nxIzaB4LF,619284394277273600,094459,1,"Whitstable, Kent",2015-07-09 16:18:00 -0700,London,
RT @MarkMobius: We believe growth of technology in emerging markets will spur new investment opportunities. http://t.co/oCaeM6oaQS http://t‚Ä¶,619284392796622848,pwm4u,15,East Coast,2015-07-09 16:17:59 -0700,,
RT @nytimesbusiness: How Google is reinventing the way you search on your mobile phone http://t.co/DmlIqHDOcc http://t.co/hFxIvhEssQ,619284388354756609,XuTaHy,4,–†–æ—Å—Å–∏—è,2015-07-09 16:17:58 -0700,Almaty,
Broken cable reportedly disconnected US island territory from Internet http://t.co/zsB7EcxWSH,619284386094182401,jburnsconsult,0,‚úàÔ∏è World Wide ‚úàÔ∏è,2015-07-09 16:17:58 -0700,,
RT @Oceana: Videos of humpback #whales group feeding is pretty incredible! Check this one out from #AK http://t.co/jqB3OlPRNb,619284383866949632,GAndropodi,14,"",2015-07-09 16:17:57 -0700,,
Website turns free time into money http://t.co/lWe0Ejuj4K ===== http://t.co/HFLAJZKooV,619284380083728385,AndroidAnalytic,0,"",2015-07-09 16:17:56 -0700,,
RT @arstechnica: Broken cable reportedly disconnected US island territory from Internet http://t.co/bK57aQSFgB by @JBrodkin,619284366397718528,digitalvaldosta,12,"Valdosta, Georgia",2015-07-09 16:17:53 -0700,Eastern Time (US & Canada),
RT @UKFast: We're discussing the role technology plays in the #professionalservices industry @UKFast http://t.co/2Umqc5lcth,619284364376018944,yuanliu1work,4,"",2015-07-09 16:17:52 -0700,,
Game over... http://t.co/FnY97mbtOH,619284357417697280,BeautybyAmara,0,"Manchester, UK",2015-07-09 16:17:51 -0700,London,
"BRICS nations launch new bank, currency pool - Deutsche Welle http://t.co/blNnmgdtS9 #technology",619284357031723008,EstrategiaInv,0,Brazil,2015-07-09 16:17:51 -0700,Central Time (US & Canada),
New Facebook settings let you play favorites http://t.co/ldUTWn1PQf,619284341022195712,Caligraphy215,0,"Downey, CA",2015-07-09 16:17:47 -0700,Pacific Time (US & Canada),
Innovation Isn't Always About Technology http://t.co/I0Lwb8hszN via @Inc,619284336727031808,VladoBotsvadze,1,Global Citizen,2015-07-09 16:17:46 -0700,Quito,
Malaysia's Top 10 Handmade Beauty Products Specialists http://t.co/jfOf5fbZKs #Malaysia #Gadget #Technology http://t.co/TnlSpF6A7a,619284336244850688,MamakTalk,0,"",2015-07-09 16:17:46 -0700,Kuala Lumpur,
Website turns free time into money - The site that turns time into money http://t.co/mQlnAbpoUj,619284333686296576,thenews_,0,The Edge,2015-07-09 16:17:45 -0700,,
How to Unlock Your Samsung Galaxy S6 and S6 Edge http://t.co/9L19EcAWch #gadget #Gadget #Technology http://t.co/SvFoaiIojy,619284332398702596,MamakTalk,0,"",2015-07-09 16:17:45 -0700,Kuala Lumpur,
RT @WSJD: Apple doesn't make it obvious how to turn off Apple Music subscription auto renew. Here it is: http://t.co/n1b58bEDL5 http://t.co‚Ä¶,619284330733441024,dollarmaker7,38,Pasadena,2015-07-09 16:17:44 -0700,,
Garmin‚Äôs Varia Tracks Approaching Vehicles for Cyclists http://t.co/6SyPHwV0ma #gadget #Gadget #Technology http://t.co/sTGqDOV3lu,619284328917434368,MamakTalk,0,"",2015-07-09 16:17:44 -0700,Kuala Lumpur,
Become a mechanical centaur with this wild drill-walker http://t.co/N2iq2aQzcB #technology,619284328019726336,asmawisham,0,MALAYSIA,2015-07-09 16:17:44 -0700,Beijing,
RT @ClimateReality: RT @TheEconomist: The number of extreme weather and climate-related events is rising http://t.co/3u61VCB9e7 http://t.co‚Ä¶,619284325343830016,SmH2k15,33,"",2015-07-09 16:17:43 -0700,,
http://t.co/arojMO5zJc Cancer Research UK and Cancer Research Technology announce partnership‚Ä¶ http://t.co/8hmYg22mIh,619284323611578368,ShootForLife,0,"",2015-07-09 16:17:43 -0700,,
Not to fret too much they will always come up with another new app for you. http://t.co/YH819Ih6lR,619284321367662592,edgarong,0,Kuching Sarawak,2015-07-09 16:17:42 -0700,Singapore,
"nah this stuff is pissing me off now, where am I gonna be without my loyal snapchat fans ??? http://t.co/rHMRcAd1YI",619284317995433984,mrgn_,0,"",2015-07-09 16:17:41 -0700,London,
Courageous Boy Reads Mean YouTube Comments To Show Bullied Kids They're Not Alone http://t.co/6TrUmMBvaI,619284317437624320,ariasit,0,Everywhere,2015-07-09 16:17:41 -0700,Central Time (US & Canada),
Broken cable reportedly disconnected US island territory from Internet http://t.co/9pjUNjAX6i,619284316695199744,dryicezero,0,All over the US,2015-07-09 16:17:41 -0700,Central Time (US & Canada),
A new indiegogo project: Thu Jul 09 '15 Announcement from Modern Family via Love &amp; Technology http://t.co/Gwf55u26qI #crowdfunding,619284314736345088,crowdtrendies,0,World,2015-07-09 16:17:41 -0700,,
How virtual reality porn could bring about world peace http://t.co/Vb97Jgncdt,619284308654583808,PunterFeed,0,Escort & PT Reporter & DJ,2015-07-09 16:17:39 -0700,Yakutsk,
RT @Vito_Cilluffo: #gamedev #GAME Star Wars Science That May Actually Be Real: Holograms Have Come to LifeAll o... http://t.co/DfsgXKwneM #‚Ä¶,619284308294025216,TheIndieSloth,2,"",2015-07-09 16:17:39 -0700,Pacific Time (US & Canada),
RT @good_technology: .@alwayson positions Good in the 2015 Global 250 Top Private Companies: http://t.co/TK9HonEN4S,619284308209971200,bradshew,2,"San Francisco, CA",2015-07-09 16:17:39 -0700,Pacific Time (US & Canada),
Website turns free time into money http://t.co/lFE5ouyfg7,619284306943459329,NewsdeskTECH,0,"",2015-07-09 16:17:39 -0700,London,
Don't Get Opt-out By Your Audiences! - ABC News #marketing #inbound #facebook #socialmedia #tips #audience #newsfeed  http://t.co/vQIYDgiA3g,619284303407493120,LoveSolutionMG,1,"Diamond Bar, CA",2015-07-09 16:17:38 -0700,Pacific Time (US & Canada),
VIDEO: Nasa shows off Mars rover marathon http://t.co/dZqxdflvj0,619284294175989760,markdias,0,"",2015-07-09 16:17:36 -0700,London,
Website turns free time into money http://t.co/JXK4LAF6lt,619284292905078784,markdias,0,"",2015-07-09 16:17:35 -0700,London,
@elizavetaka oh right maybe we'll try that first next time üòÅ #technology,619284292842164224,greatcaesarband,0,"Brooklyn, NY",2015-07-09 16:17:35 -0700,Quito,
RT @TheEconomist: IBM's 7nm chip unveiled today needs germanium as well as silicon. Here's our 2014 take on silicon leaving the Valley http‚Ä¶,619284292187881473,GlenGonzalezHou,52,"Houston, TX",2015-07-09 16:17:35 -0700,Eastern Time (US & Canada),
"We're #hiring! Read about our latest #job opening here: Senior Web Developer - http://t.co/f2Xv8mMMLK #LasVegas, NV #IT #TweetMyJobs",619284290585518080,tmj_las_it,0,"Las Vegas, NV",2015-07-09 16:17:35 -0700,Eastern Time (US & Canada),"[36.114646, -115.172816]"
How a team of young people helped rebuild http://t.co/QMO3OM0nJD http://t.co/tQ8i7OczDP #tutorial #design,619284289163636736,tutorialsonline,0,The Web,2015-07-09 16:17:34 -0700,Brussels,
@bbctech VIDEO: Nasa shows off Mars rover marathon - BBC Click's Marc Cieslak looks at some of the best of the wee... http://t.co/CVy11FW4Kn,619284287381184512,iansamuelsHQ,0,LHR ‚úà | BHX ‚úà | SJO ‚úà,2015-07-09 16:17:34 -0700,London,
RT @milkyhowon: ive seen this 360 video sort of thing before but im so proud that infinite's mv will be the first kpop mv using this techno‚Ä¶,619284285959241728,IFNTSJS,142,"",2015-07-09 16:17:34 -0700,Pacific Time (US & Canada),
RT @gimsunggyu: true music true emotion true technology,619284284927447044,bossunggyu,198,California,2015-07-09 16:17:33 -0700,Pacific Time (US & Canada),
Courageous Boy Reads Mean YouTube Comments To Show Bullied Kids They're Not Alone: One boy shared his own hear... http://t.co/oqDx24NKr1,619284281337090048,krisd,0,Global,2015-07-09 16:17:33 -0700,Eastern Time (US & Canada),
RT @EdSurge: Edtech-Outfitted Bus Gives New Meaning to 'Mobile Technology' http://t.co/btD4zyUnsu #edtech #edchat #edtechchat,619284280313839616,EdTechExposed,2,"",2015-07-09 16:17:32 -0700,Dublin,
Courageous Boy Reads Mean YouTube Comments To Show Bullied Kids They're Not Alone http://t.co/EStrGOTWNs | HuffPost (Tech),619284279416127488,joviannfeed,0,In her woman cave,2015-07-09 16:17:32 -0700,Singapore,
#Technology: Courageous Boy Reads Mean YouTube Comments To Show Bullied Kids They're Not Alone: One boy shared... http://t.co/he0PtUJlOk,619284276727537665,fabbricasiti,0,TURIN - Italy,2015-07-09 16:17:31 -0700,Rome,
#itsecurity #data Website turns free time into money - The site that turns time into money http://t.co/NbYkF4kDH8,619284275754610688,trust_base,0,"",2015-07-09 16:17:31 -0700,,
#ITbyKKG Courageous Boy Reads Mean YouTube Comments To Show Bullied Kids They're Not Alone: One boy shared his... http://t.co/HQjmitF2AK,619284274022199296,myKKGconsulting,0,"Chicago, Illinois",2015-07-09 16:17:31 -0700,Central Time (US & Canada),
Courageous Boy Reads Mean YouTube Comments To Show Bullied Kids They're Not Alone http://t.co/56caxYS2As,619284270851305472,LoriGregory,0,omniverse,2015-07-09 16:17:30 -0700,Eastern Time (US & Canada),
#gamedev #GAME Star Wars Science That May Actually Be Real: Holograms Have Come to LifeAll o... http://t.co/ov1CHyN00D #technology #tech,619284265142845440,enjoytech2015,2,"",2015-07-09 16:17:29 -0700,,
#gamedev #GAME Star Wars Science That May Actually Be Real: Holograms Have Come to LifeAll o... http://t.co/DfsgXKwneM #technology #tech,619284262945067008,Vito_Cilluffo,2,Italia,2015-07-09 16:17:28 -0700,Hawaii,
Estimate of Americans hit by government personnel data hack skyrockets http://t.co/3oaR3y4L83,619284260063715328,chuhaizhou,0,"",2015-07-09 16:17:28 -0700,,
#business Website turns free time into money - The site that turns time into money http://t.co/cHwDB01OWO,619284258964807680,MbaUlster,0,Northern Ireland,2015-07-09 16:17:27 -0700,,
Lockheed says trying to assess impact of US hack on its workers  http://t.co/hFRCGNzIsJ,619284258952212480,chuhaizhou,0,"",2015-07-09 16:17:27 -0700,,
"""VIDEO: Nasa shows off Mars rover marathon"" http://t.co/imZ2ij1eOz http://t.co/vIk0GySMlJ",619284257610039297,SergioPardoSnch,0,"Valencia, Comunidad Valenciana",2015-07-09 16:17:27 -0700,Madrid,
"""An inside look at Caterpillar's MineStar technology"" by @RobertSpence777 on @LinkedIn https://t.co/96CBGzKody",619284248319541248,cynthialwoods,0,"San Diego, CA",2015-07-09 16:17:25 -0700,,
#itsecurity #data VIDEO: Nasa shows off Mars rover marathon - BBC Click's Marc Cieslak looks at some of the best o... http://t.co/uwznVeUYnc,619284247153655808,trust_base,0,"",2015-07-09 16:17:24 -0700,,
"Excited for VisionExpo, 09/16 - 09/19 in Vegas - the #1 vision event in Education, Fashion &amp; Technology!  https://t.co/gbogm2h0MC",619284246620934144,nelinel85,0,"",2015-07-09 16:17:24 -0700,,
BBC News: IBM chips 'contain smallest parts' http://t.co/OzI6PVteeL,619284236231671808,earthtoreform,0,Southeast US,2015-07-09 16:17:22 -0700,Central Time (US & Canada),
RT @tethys_enviro: Details on the recent Marine Energy Technology Symposium (METS) with a link to open-access extended abstracts at http://‚Ä¶,619284230628110336,tonyoceanork,1,ireland,2015-07-09 16:17:20 -0700,Amsterdam,
RT @AAMers: @mlchavis Some thoughts on wearable tech applications from our @futureofmuseums blog: http://t.co/pwFoUqYa7r #CFM #TrendsWatch,619284228912513024,llminnis,1,"",2015-07-09 16:17:20 -0700,,
RT @elinormills: Technology experts hit back at FBI on encryption http://t.co/Sc5eWptJ1w via @WSJ,619284223048986624,kd4wov,3,"Central Fla, near Grand Island",2015-07-09 16:17:19 -0700,Eastern Time (US & Canada),
RT @ichurchmethod: Does the Church Need Technology? http://t.co/02vDCu3hhx #chsocm #churchcomm #churchtech http://t.co/yZqkqPC1QV,619284216929320962,PNC_UCC,1,Pacific Northwest,2015-07-09 16:17:17 -0700,Pacific Time (US & Canada),
"If you downloaded these #Android games, change their Facebook password now: http://t.co/Ug4F5YY33b Jose_Pagliery http://t.co/bQxpjplq5S‚Ä¶",619284205453897728,itassessors,0,Barcelona - Brussel - London,2015-07-09 16:17:14 -0700,,
RT @SmartCompany: Here's how to improve the chances of getting your business in front of customers http://t.co/IuU2P0epYf http://t.co/dggzG‚Ä¶,619284201901178880,ronwyap,1,"Brisbane, Australia",2015-07-09 16:17:14 -0700,,
Fascinating story on how http://t.co/AIQj8YvGvg was saved. http://t.co/2M6wucIcNy,619284199409762304,wrussellharper,0,"Seattle, WA",2015-07-09 16:17:13 -0700,Arizona,
Check out this #job: #Sr. #Technology Assessment Analyst at SunTrust in #Atlanta #jobs http://t.co/ZFKoyZJXLa,619284198751346688,NeuvooITAtl,0,"Atlanta, GA",2015-07-09 16:17:13 -0700,,
"RT @CyberWarriorTim: ERMENISTAN Information Technology Security HACKED! | AKINCILAR| 
http://t.co/NSXacwS2mS  @CyberWarriorTim http://t.co/‚Ä¶",619284192451555332,yemlihakorkmaz,64,"Adana, T√ºrkiye",2015-07-09 16:17:11 -0700,,
How Google is reinventing the way you search on your mobile phone http://t.co/DmlIqHDOcc http://t.co/hFxIvhEssQ,619284191725928448,nytimesbusiness,4,"New York, NY",2015-07-09 16:17:11 -0700,Eastern Time (US & Canada),
VIDEO: Nasa shows off Mars rover marathon - BBC Click's Marc Cieslak looks at some of the best of the week's techn... http://t.co/RZBx53fiuE,619284190828339200,promanscience,0,"",2015-07-09 16:17:11 -0700,,
"Education technology makes the most impact in the least recognised places via @Forbes
http://t.co/FQ5q42XhJa",619284190744420352,RTOadvance,0,Sydney,2015-07-09 16:17:11 -0700,,
RT @PopMech: AI Can Write One Hell of a TED Talk http://t.co/L6tUBhjjuZ http://t.co/SXAnONEFWq,619284190236794880,MicHirschbrich,9,Mountain View,2015-07-09 16:17:11 -0700,Pacific Time (US & Canada),
Deepening Dependency on Technology Raises Risk of Breakdowns - ABC News http://t.co/gvDDbvSUgN #martesTIC91,619284185518358528,martesTIC91,0,Dominican Republic,2015-07-09 16:17:10 -0700,Eastern Time (US & Canada),
"RT @CNNMoney: If you downloaded these #Android games, change their Facebook password now: http://t.co/rV0Q621iDh @Jose_Pagliery http://t.co‚Ä¶",619284184297807873,carolinekvitter,9,"Stockholm, Sweden",2015-07-09 16:17:09 -0700,Ljubljana,
10 emerging technologies that could change the world in 2015. Technology is perhaps the...http://t.co/x1njoZxCxA http://t.co/ZSrai1EsPL,619284183521853440,ComintelChile,0,Santiago,2015-07-09 16:17:09 -0700,,
IBM Takes a Big Leap in Nano Chip Technology Development - http://t.co/gYJD78LeWy http://t.co/RKg4GYlWZv #martesTIC91,619284183370870784,martesTIC91,0,Dominican Republic,2015-07-09 16:17:09 -0700,Eastern Time (US & Canada),
"RT @torproject: ""TOR is a proven (10+ years), robust and secure technology for browsing the Internet in an anonymous way.""- David Vincenzet‚Ä¶",619284180615208960,revoltenum,64,"",2015-07-09 16:17:09 -0700,Athens,
New mobile app for Washington touri #whyyourbusinessneedsamobileapp  #mobileappnews #businessapps #usvirginislands http://t.co/8OWqhcYuLM,619284179331751936,ziggy9480,0,"St Thomas, US Virgin Islands",2015-07-09 16:17:08 -0700,,
RT @BlissfullyOrgas: WhatsApp faces UK ban within weeks http://t.co/A2LLI3mQWo,619284176676745220,ams_redlight,1,"Stoofsteeg 5, 1012EC Amsterdam",2015-07-09 16:17:08 -0700,Amsterdam,
We're diagnosing (&amp; treating) more diseases through improved medical technology. Used to be people just got Sick. http://t.co/7T42VWo5Px,619284175699447808,PhyllisCopeland,0,"",2015-07-09 16:17:07 -0700,Mountain Time (US & Canada),
The middle class will no longer exist thanks to monetary policy...There will be just rich and poor.They will blame technology and population,619284174445408256,Baseljanitors,0,Earth,2015-07-09 16:17:07 -0700,,
'Hunger Games: Mockingjay Part 2' dominates Comic-Con day one http://t.co/ShCfVcdh1K #technology http://t.co/iSX3THoFQa,619284172562022400,longliveourvzla,0,"",2015-07-09 16:17:07 -0700,,
RT @singularityu: Everyone loves mail. Now @su_labs' own @matternet is delivering it by #drone in Switzerland! http://t.co/7uQsWQNagv http:‚Ä¶,619284169038909441,Baruva,9,Lima - Per√∫,2015-07-09 16:17:06 -0700,Central Time (US & Canada),
RT @Leafly: This innovative #cannabis #tech by @FeelSpry could change dabbing as we know it. #sponsored http://t.co/UzPX0mvJA5 http://t.co/‚Ä¶,619284166434123776,FeelSpry,3,"Seattle, WA",2015-07-09 16:17:05 -0700,,
Uber files motion to limit class-action suit to three drivers http://t.co/7sMNm27Dhk #technology http://t.co/4tYQkQ1CsZ,619284166044069888,longliveourvzla,0,"",2015-07-09 16:17:05 -0700,,
"A2 #CUchat Increased interactivity, on-demand productivity, instant information, digital &amp; informational literacy http://t.co/m1yvom5y56",619284165221965824,dr_jeremy_ervin,0,"Cedarville, OH",2015-07-09 16:17:05 -0700,Eastern Time (US & Canada),
Pluto's puzzling surface pattern reveals giant heart http://t.co/9bJV3aYYyQ,619284164664295424,moncur_d,0,canberra,2015-07-09 16:17:05 -0700,Sydney,
RT @eveehunt: The Singularity Is Near: When Humans Transcend Biology (Unabridged) - Ray K | http://t.co/3AkNnTkDe7 | Technology #a‚Ä¶ http://‚Ä¶,619284160583106560,alicesttu,5,Bluegrass State,2015-07-09 16:17:04 -0700,Pacific Time (US & Canada),
Download if you dare: iOS 9 public beta is here http://t.co/L13VgDMPft #technology http://t.co/GLGCxMGNHP,619284160406884352,longliveourvzla,0,"",2015-07-09 16:17:04 -0700,,
RT @PopMech: Why Your Cable Box Could Suddenly Be Important Again http://t.co/031A7uEiEc http://t.co/jnTksbuYAP,619284159190728704,IAmEligma,2,"LA, westA,Ng",2015-07-09 16:17:03 -0700,,
RT @eveehunt: The Singularity Is Near: When Humans Transcend Biology (Unabridged) - Ray K | http://t.co/3AkNnTkDe7 | Technology #a‚Ä¶ http://‚Ä¶,619284159169609729,sutabna,5, Oregon,2015-07-09 16:17:03 -0700,Pacific Time (US & Canada),
RT @eveehunt: The Singularity Is Near: When Humans Transcend Biology (Unabridged) - Ray K | http://t.co/3AkNnTkDe7 | Technology #a‚Ä¶ http://‚Ä¶,619284158926327809,gaiglove,5,Texas,2015-07-09 16:17:03 -0700,Pacific Time (US & Canada),
New 'Wendiceratops' named for legendary Alberta dinosaur hunter Wendy Sloboda http://t.co/OdZMtkQqvV,619284154769764353,earthquakemom,0,"",2015-07-09 16:17:02 -0700,,
"If you downloaded these #Android games, change their Facebook password now: http://t.co/auXUR8BqJd Jose_Pagliery http://t.co/bfwbtC4HYK‚Ä¶",619284154585358336,MoneyNews24h,0,United States,2015-07-09 16:17:02 -0700,Pacific Time (US & Canada),
"@seteyy_ office management &amp; technology! ikr homesick jgkla but wht 2 do, if u dn't try u won't knw right aicey haha now mid sem so cuti üíÉ",619284153729585152,lyananfsh,0,i believe in Allah's plan ,2015-07-09 16:17:02 -0700,Urumqi,
RT @HayesGrier: I have technology again. Wow. Yay,619284141205528576,haley_pinson,5377,"",2015-07-09 16:16:59 -0700,,
Website turns free time into money http://t.co/zYUgesjOOy,619284126231740417,PrivilegePromot,0,"",2015-07-09 16:16:56 -0700,,
RT @PatoloSevern: Innovation Isn't Always About Technology | http://t.co/fYDZeqTL7h  (via @NewsfusionApps #Startup News) http://t.co/6rnu7r‚Ä¶,619284116647858176,blisslogixIT,3,"San Francisco, CA",2015-07-09 16:16:53 -0700,Chennai,
Website turns free time into money http://t.co/WmlUIh9FrK | https://t.co/79UhqicYwg http://t.co/OdDEIqOBo4,619284112327610368,ZIRizvi,0,"",2015-07-09 16:16:52 -0700,Karachi,
Why does every piece of technology I own need to malfunction at the same time?!,619284104786243584,katiee_shermann,0,"",2015-07-09 16:16:50 -0700,,
BBCBusiness: Website turns free time into money http://t.co/LGJ66nVRI0,619284095873499140,InvestingLatest,0,"",2015-07-09 16:16:48 -0700,,
Disney wins http://t.co/BXB1yUzmgz net domain battle http://t.co/ZNs8KHw9B7,619284092295774208,SociaLitigation,0,London ,2015-07-09 16:16:48 -0700,,
#MobileWebDesign VIDEO: Nasa shows off Mars rover marathon - BBC Click's Marc Cieslak looks at some of the best of... http://t.co/UugqF7OCRm,619284089502334982,GoMobileEvolve,0,"Manchester, UK",2015-07-09 16:16:47 -0700,,
Website turns free time into money http://t.co/P9SKopixx8 #business #news,619284089468792832,swbreakingnews,0,Palo Alto - California,2015-07-09 16:16:47 -0700,Pacific Time (US & Canada),
RT @TechGrowthCap: Great meeting of minds!!! #growth #capital #venture #technology #privateequity #fun #Austin http://t.co/ZeVgTYJdoU,619284071089336320,jg2009,1,USA-TX,2015-07-09 16:16:42 -0700,Central Time (US & Canada),
RT @arstechnica: A quick hands-on with Office 2016 for Mac http://t.co/sduiz2kYD6 // my 2cents: good but not done #fb,619284070229524480,fishesloaves2,0,"iPhone: 40.253547,-83.056948",2015-07-09 16:16:42 -0700,Eastern Time (US & Canada),
"Quantum Computers: The Future #Tech #Technology http://t.co/gSflodgTjJ #google July 10, 2015 at 12:16AM",619284069482909696,TechTikblog,0,"",2015-07-09 16:16:42 -0700,,
RT @WOBUK: Getting gender equality in technology firms right. http://t.co/g3hOFSBthy,619284066215530496,CorpGovUK,3,UK,2015-07-09 16:16:41 -0700,London,
The board votes  to approve the position of K-12 Supervisor of Educational Technology to be part of the Act 93... http://t.co/m0Atf1qWtf,619284061266292737,cbengage,0,"Doylestown, Pa.",2015-07-09 16:16:40 -0700,,
"""The right to be forgotten: There‚Äôs a market for that"" http://t.co/P6ZLnOQEpQ #academic #feedly @hlnbee",619284057348665346,_SamCross,0,Perth,2015-07-09 16:16:39 -0700,Perth,
RT @arstechnica: Broken cable reportedly disconnected US island territory from Internet http://t.co/bK57aQSFgB by @JBrodkin,619284054488121344,vallie,12,Earth,2015-07-09 16:16:38 -0700,Pacific Time (US & Canada),
"New era in #robotics : #3Dprinted  #Robot First of its kind inspired by nature,  http://t.co/p1VfeT5JnT http://t.co/p68LkZCmDT",619284053619949571,WNRTMEDIA,0,"USA, Europe & Asia Pacific",2015-07-09 16:16:38 -0700,Urumqi,
Popular Android game stole Facebook logins July 09 - CNNMoney http://t.co/pQucO3kwSZ,619284051761872897,meshidakasiko,0,"",2015-07-09 16:16:38 -0700,,
Facebook puts women in front with new friends icon [via http://t.co/mNfpiKEhfh] http://t.co/i68gsY5d9q,619284049828409344,designopinion,0,"Northampton, UK",2015-07-09 16:16:37 -0700,,
"No, Jimmy Kimmel doesn't have his own VC fund http://t.co/1rVsDmkJcc",619284045663469568,SeattlesBanker,0,Seattle,2015-07-09 16:16:36 -0700,Arizona,
‚òÖ JOB ‚òÖ #hiring #ITJob #Job #Warrensburg - 25B Information Technology Specialist http://t.co/Mcg01Vqg58 ‚òú view details #jobs,619284040890253312,ITMissouri,0,"Missouri, USA",2015-07-09 16:16:35 -0700,,
#download The 2009-2014 World Outlook for External Technology (T) Services - Inc. ICON Group International http://t.co/BqMRyDQIoU,619284038428196864,WorkshopGuides,0,Charlotte,2015-07-09 16:16:35 -0700,Athens,
I have the worst luck with technology,619284036180021249,ChanMathis,0,Krypton,2015-07-09 16:16:34 -0700,Central Time (US & Canada),
RT @BBCBusiness: Website turns free time into money http://t.co/DmfX4qnBN5,619284035328679936,FreeAverageJoe,8,Texas,2015-07-09 16:16:34 -0700,Mountain Time (US & Canada),
#download The 2009-2014 World Outlook for External Technology (T) Services - Inc. ICON Group International @WorkshopGuides,619284033478897664,WorkshopGuides,0,Charlotte,2015-07-09 16:16:33 -0700,Athens,
"RT @shaifulbaktiya: Killer paper sem ni
-Business Statistic
-Finance
-Information Technology
-Macroeconomy

#Rip",619284018496823296,Rezzaeffa94,1,"Saujana Utama, Sungai Buloh.",2015-07-09 16:16:30 -0700,,
Our technology is sure helping the science communities.,619284017611812864,steveeejobs,0,"New York",2015-07-09 16:16:30 -0700,Bogota,
"RT globalwork365: Alt Convention is a three-day business, finance and technology conference, focusing on #FinTech ‚Ä¶ http://t.co/5qyMxgyiWD",619284013002395649,fintechna,0,"",2015-07-09 16:16:29 -0700,Rome,
"@DefyingKilljoy ""That's American technology for you.""",619284009005154305,InACrownHoney,0,Insane Asylum ,2015-07-09 16:16:28 -0700,,
"No, Jimmy Kimmel doesn't have his own VC fund http://t.co/VTu0EN6ufN #SecureWealth #MoneyManagement",619284006295744512,SecureWealthPG,0,"Boca Raton, FL",2015-07-09 16:16:27 -0700,,
"Robert Half Technology: iOS/Android Developer (#SanJose, CA) http://t.co/iZQh8VZ4bq #IT #Job #Jobs #Hiring #TweetMyJobs",619284003686748160,tmj_sjc_it1,0,"San Jose, CA",2015-07-09 16:16:26 -0700,Eastern Time (US & Canada),"[37.3393857, -121.8949555]"
the history of technology presented the prototype of the phonograph to the public.,619284000331460608,FKittlerbot,0,"",2015-07-09 16:16:26 -0700,,
"When it comes to nudity, Facebook is little different than Victorian England http://t.co/X2oe4zjSLL via @guardian",619283997634494464,leemeade77,0,Chicago,2015-07-09 16:16:25 -0700,Central Time (US & Canada),
RT BBCTech: VIDEO: Nasa shows off Mars rover marathon http://t.co/5F5vedKo28,619283995692527616,Michael_Vasanth,0,"Chennai, India",2015-07-09 16:16:24 -0700,Chennai,
RT @HayesGrier: I have technology again. Wow. Yay,619283992529907712,TaylahGrier,5377,"sydney, australia",2015-07-09 16:16:24 -0700,Brisbane,
VIDEO: Nasa shows off Mars rover marathon http://t.co/5iAKU3Kssj #Technologynews,619283991061995520,jrpuk,0,Lancashire,2015-07-09 16:16:23 -0700,London,
"MPAA Wants to Kill Domain Name Privacy, For Some via /r/technology http://t.co/UkeWEMWgFx http://t.co/ujmKnG3snB",619283990822961152,levoneW1,0,jacksonville florida,2015-07-09 16:16:23 -0700,Eastern Time (US & Canada),
Website turns free time into money http://t.co/EtjPhCMORr #Technologynews,619283990005026816,jrpuk,0,Lancashire,2015-07-09 16:16:23 -0700,London,
"No, Jimmy Kimmel doesn't have his own VC fund http://t.co/Zw6RUxFxvg CNNmoney",619283989132640256,pabspiovano,0,Edinburgh / Marbella,2015-07-09 16:16:23 -0700,Edinburgh,
RT BBCTech: Website turns free time into money http://t.co/CZsorfIOCB,619283986263724033,Michael_Vasanth,0,"Chennai, India",2015-07-09 16:16:22 -0700,Chennai,
RT @Katie_Roof: Proofpoint CEO explains why potato crime is on the rise: http://t.co/lmduOo76RX $PFPT,619283982497263616,CyberTaters,0,@m0rb's cellar,2015-07-09 16:16:21 -0700,,
Website turns free time into money http://t.co/pAupFMYGiZ | https://t.co/gO9e5aEwZN http://t.co/MQb2KjYgKy,619283982325186561,6hddLol,0,"",2015-07-09 16:16:21 -0700,,
"No, Jimmy Kimmel doesn't have his own VC fund http://t.co/HxVlqUYHyI",619283981863923713,PortalZigZag,0,"",2015-07-09 16:16:21 -0700,,
VIDEO: Nasa shows off Mars rover marathon http://t.co/Ucc55wnvaK via BBC,619283979523502080,techviagoogle,0,"",2015-07-09 16:16:21 -0700,,
RT @One2OneNetwork: Coke's Times Square Billboard Shares Fun Facts About Your Name | Adweek http://t.co/ogdiGTkuec Well that looks fun!,619283978877440000,lavidaholoka,1,Central Jersey,2015-07-09 16:16:20 -0700,Central Time (US & Canada),
Website turns free time into money http://t.co/f5lnv4hjlI via BBC,619283978432946177,techviagoogle,0,"",2015-07-09 16:16:20 -0700,,
"No, Jimmy Kimmel doesn't have his own VC fund http://t.co/tNBVmaK9QY via http://t.co/CnKUz0ld6K",619283977413726208,TheCampaignPage,0,UK.,2015-07-09 16:16:20 -0700,London,
RT @BBCTech: VIDEO: Nasa shows off Mars rover marathon http://t.co/BZUDYPhKJ1,619283974997716992,RocketnipponNet,3,"",2015-07-09 16:16:20 -0700,Tokyo,
"#9: RAVPower 7800mAh Portable Charger Power Bank External Battery Pack(Deluxe Series, iSmart Technology, 2.4A ... http://t.co/QZkoB5WaAa",619283974133673984,Kooolessst,0,New York City,2015-07-09 16:16:19 -0700,Pacific Time (US & Canada),
"RT @IEA: Core policy components: how carbon pricing, energy efficiency &amp; technology work together http://t.co/QtMof8UHuf http://t.co/NAKrFD‚Ä¶",619283973181542400,NewTechEditor,21,"",2015-07-09 16:16:19 -0700,Mazatlan,
"No, Jimmy Kimmel doesn't have his own VC fund via CNN http://t.co/P8Kln0XkK2",619283973177507840,pok_de_twitt,0,"",2015-07-09 16:16:19 -0700,,
VIDEO: Nasa shows off Mars rover marathon - BBC Click's Marc Cieslak looks at some of the best of the week's techn... http://t.co/5E2M2vWLm3,619283971952746496,Mighty_Micro,0,Manchester & Macclesfield,2015-07-09 16:16:19 -0700,London,
Website turns free time into money - The site that turns time into money http://t.co/eMJgbRxA44,619283971814367232,Mighty_Micro,0,Manchester & Macclesfield,2015-07-09 16:16:19 -0700,London,
RT @Totally_Home: Technology in the home... http://t.co/G0uWe1TviG #IoT #IoTPrivacy #HomeImprovement http://t.co/I0EWTUMW7f,619283969951989760,ClaraPeterson52,23,"Rancho Cucamonga, CA",2015-07-09 16:16:18 -0700,Pacific Time (US & Canada),
"Spartanburg students get lesson on technology, business: Spartanburg County students spent the week learning a... http://t.co/6E4CHNHuh9",619283969582874624,MeUNews,0,Everywhere,2015-07-09 16:16:18 -0700,,
"We're #hiring! Read about our latest #job opening here: IT Support Administrator - http://t.co/wuv8WSPj9J #AgouraHills, CA #CustomerService",619283967313752064,tmj_CA_cstsrv,0,California,2015-07-09 16:16:18 -0700,Eastern Time (US & Canada),"[34.1533395, -118.7616764]"
BBC say... Website turns free time into money http://t.co/HV2ZoEvPot,619283965749280768,comparempi,0,UK,2015-07-09 16:16:17 -0700,Casablanca,
"‚òÜ‚òÖ‚òÜ JOB ALERT ‚òÜ‚òÖ‚òÜ #ITJob #Job #Chicago - Technology Program Manager, Physician Analytics‚Ä¶ http://t.co/E3OyXe3SXj ‚òú view full details",619283963853471744,Chicago_hire,0,"Chicago, IL",2015-07-09 16:16:17 -0700,Mountain Time (US & Canada),
"FELLOWSHIP: BuzzFeed Open Lab for Journalism, Technology and the Arts Fellowship: http://t.co/uU8YFyNAzU",619283961508970496,HopeCoachCheryl,0,Indiana * Worldwide,2015-07-09 16:16:16 -0700,Central Time (US & Canada),
"No, Jimmy Kimmel doesn't have his own VC fund http://t.co/OErO7ARJRW #Business #Entrepreneur #Finance",619283960393244673,klmayua,0,#Africa,2015-07-09 16:16:16 -0700,,
IBM New 7-nm Computer Chip Is an Itty-Bitty Game-Changer http://t.co/XVbtB6i12J,619283943548846080,gamechanged,0,Everywhere,2015-07-09 16:16:12 -0700,,
RT @Katie_Roof: Proofpoint CEO explains why cyber crime is on the rise: http://t.co/hgYmMGMylZ $PFPT,619283942340997120,FAquila,3,New York,2015-07-09 16:16:12 -0700,Quito,
IBM Cloud Delivers Supercomputing Power ... http://t.co/bbFKbuMjpT,619283940080119808,iSupercomputing,0,"",2015-07-09 16:16:11 -0700,Pacific Time (US & Canada),
"UBC marine biologist heads study on whales, dolphins in captivity #Canada #marineanimals http://t.co/DP5gDZKpiN",619283937072947204,The_OAVT,0,"104-100 Stone Rd. W, Guelph",2015-07-09 16:16:10 -0700,Atlantic Time (Canada),
"Goodbye, Simple Silicon: IBM Announces Computer Chip Breakthrough: The #technology‚Ä¶ http://t.co/8x8huGxG6w #nieuws http://t.co/ZCkC28CCf4",619283933969035264,i1440,0,"",2015-07-09 16:16:10 -0700,Athens,
Smart #technology for better health http://t.co/ovetVyGXe5 #data #cloud,619283933885243393,SFCityCIO,0,"San Francisco, CA",2015-07-09 16:16:10 -0700,Pacific Time (US & Canada),
"Regardless of how much effort it puts into creating a privacy-conscious environment, Ap...- http://t.co/F3JPFke7Nd http://t.co/mbYXmQMRJy",619283933344219136,privacytruths,0,"",2015-07-09 16:16:10 -0700,,
RT @BBCTech: VIDEO: Nasa shows off Mars rover marathon http://t.co/BZUDYPhKJ1,619283928579444737,nerdy_ian,3,Gold Coast,2015-07-09 16:16:08 -0700,London,
RT @VEKTR0: Shout out to my therapist @UnboxTherapy for keeping me sane while still enabling my addiction for technology.,619283926863904768,UnboxTherapy,2,Toronto // LA,2015-07-09 16:16:08 -0700,Eastern Time (US & Canada),
"RT @torproject: ""TOR is a proven (10+ years), robust and secure technology for browsing the Internet in an anonymous way.""- David Vincenzet‚Ä¶",619283922048970752,Feddgs,64,"",2015-07-09 16:16:07 -0700,,
"3P Technology Staffing LLC is hiring a #ETL #Engineer, apply now! #Atlanta #jobs http://t.co/JbEkbd4mBM http://t.co/oAtkkkJdfq",619283920174096384,NeuvooEngAtl,0,"Atlanta, GA",2015-07-09 16:16:06 -0700,,
Here's how to improve the chances of getting your business in front of customers http://t.co/IuU2P0epYf http://t.co/dggzGndWeL,619283919104552965,SmartCompany,1,"Melbourne, Australia",2015-07-09 16:16:06 -0700,Sydney,
"RT @IndieCacooo: Will the data center in Ireland breach national security concern on silicon row? @BuzzFeed #CA
http://t.co/e3Iw5mCmw1 http‚Ä¶",619283915627311104,THEHUMANFAUCET,1,Las Vegas,2015-07-09 16:16:05 -0700,Pacific Time (US & Canada),
RT @zittrain: Should Google Always Tell the Truth? http://t.co/20shPFq6Ji by @conor64 @aspenideas,619283915237363712,nicholasjones,8,Boston,2015-07-09 16:16:05 -0700,Eastern Time (US & Canada),
Here's Why GIFs Are Back In Style And Bigger Than Ever for Brands (via https://t.co/l0m416EOqo) http://t.co/ohOgPMdD2r,619283910883680256,BrianRBaird,0,"",2015-07-09 16:16:04 -0700,Eastern Time (US & Canada),
RT @ISODIOL: Check out our new #CBD Infused water with Nano-technology.pH 9.5 #Cannabidiol #COQ10 @SolarRainWatery http://t.co/n1gbe55Us0,619283909105315840,SolarRainWatery,1,"San Diego, CA",2015-07-09 16:16:04 -0700,,
Need to train teachers or students on technology use in the classroom? We have the right solution: http://t.co/nmq25Jfzw1,619283908329213952,SinglePathtech,0,"Lombard, IL",2015-07-09 16:16:04 -0700,,
"#Job #Australia #Telstra Technology Solution Specialist Full Time in #Brisbane Central Business District QLD, http://t.co/x800zjRy4l",619283903975587842,CatchaJob_au,0,Perth,2015-07-09 16:16:03 -0700,Sydney,
